IID	sub_pop	sup_pop
HG00099	GBR	EUR
HG00096	GBR	EUR
HG00102	GBR	EUR
HG00104	GBR	EUR
HG00143	GBR	EUR
HG00107	GBR	EUR
HG00109	GBR	EUR
HG00148	GBR	EUR
HG00150	GBR	EUR
HG00155	GBR	EUR
HG00158	GBR	EUR
HG00263	GBR	EUR
HG00160	GBR	EUR
HG00268	FIN	EUR
HG00144	GBR	EUR
HG00177	FIN	EUR
HG00270	FIN	EUR
HG00149	GBR	EUR
HG00247	GBR	EUR
HG00275	FIN	EUR
HG00151	GBR	EUR
HG00254	GBR	EUR
HG00112	GBR	EUR
HG00156	GBR	EUR
HG00259	GBR	EUR
HG00117	GBR	EUR
HG00113	GBR	EUR
HG00127	GBR	EUR
HG00124	GBR	EUR
HG00118	GBR	EUR
HG00134	GBR	EUR
HG00159	GBR	EUR
HG00174	FIN	EUR
HG00120	GBR	EUR
HG00139	GBR	EUR
HG00173	FIN	EUR
HG00179	FIN	EUR
HG00125	GBR	EUR
HG00141	GBR	EUR
HG00178	FIN	EUR
HG00181	FIN	EUR
HG00233	GBR	EUR
HG00188	FIN	EUR
HG00278	FIN	EUR
HG00180	FIN	EUR
HG00186	FIN	EUR
HG00238	GBR	EUR
HG00190	FIN	EUR
HG00280	FIN	EUR
HG00185	FIN	EUR
HG00249	GBR	EUR
HG00240	GBR	EUR
HG00234	GBR	EUR
HG00285	FIN	EUR
HG00248	GBR	EUR
HG00251	GBR	EUR
HG00245	GBR	EUR
HG00239	GBR	EUR
HG00312	FIN	EUR
HG00250	GBR	EUR
HG00256	GBR	EUR
HG00098	GBR	EUR
HG00114	GBR	EUR
HG00189	FIN	EUR
HG00255	GBR	EUR
HG00232	GBR	EUR
HG00101	GBR	EUR
HG00119	GBR	EUR
HG00235	GBR	EUR
HG00128	GBR	EUR
HG00237	GBR	EUR
HG00106	GBR	EUR
HG00121	GBR	EUR
HG00242	GBR	EUR
HG00130	GBR	EUR
HG00244	GBR	EUR
HG00252	GBR	EUR
HG00246	GBR	EUR
HG00261	GBR	EUR
HG00135	GBR	EUR
HG00129	GBR	EUR
HG00257	GBR	EUR
HG00253	GBR	EUR
HG00266	FIN	EUR
HG00142	GBR	EUR
HG00131	GBR	EUR
HG00132	GBR	EUR
HG00258	GBR	EUR
HG00273	FIN	EUR
HG00318	FIN	EUR
HG00136	GBR	EUR
HG00137	GBR	EUR
HG00260	GBR	EUR
HG00146	GBR	EUR
HG00320	FIN	EUR
HG00097	GBR	EUR
HG00182	FIN	EUR
HG00126	GBR	EUR
HG00153	GBR	EUR
HG00325	FIN	EUR
HG00100	GBR	EUR
HG00187	FIN	EUR
HG00133	GBR	EUR
HG00110	GBR	EUR
HG00332	FIN	EUR
HG00105	GBR	EUR
HG00138	GBR	EUR
HG00115	GBR	EUR
HG00262	GBR	EUR
HG00140	GBR	EUR
HG00122	GBR	EUR
HG00267	FIN	EUR
HG00446	CHS	EAS
HG00284	FIN	EUR
HG00103	GBR	EUR
HG00274	FIN	EUR
HG00453	CHS	EAS
HG00304	FIN	EUR
HG00108	GBR	EUR
HG00231	GBR	EUR
HG00458	CHS	EAS
HG00309	FIN	EUR
HG00236	GBR	EUR
HG00465	CHS	EAS
HG00473	CHS	EAS
HG00311	FIN	EUR
HG00243	GBR	EUR
HG00472	CHS	EAS
HG00478	CHS	EAS
HG00265	GBR	EUR
HG00111	GBR	EUR
HG00376	FIN	EUR
HG00480	CHS	EAS
HG00272	FIN	EUR
HG00475	CHS	EAS
HG00116	GBR	EUR
HG00383	FIN	EUR
HG00500	CHS	EAS
HG00277	FIN	EUR
HG00502	CHS	EAS
HG00123	GBR	EUR
HG00403	CHS	EAS
HG00512	CHS	EAS
HG00145	GBR	EUR
HG00514	CHS	EAS
HG00147	GBR	EUR
HG00408	CHS	EAS
HG00524	CHS	EAS
HG00152	GBR	EUR
HG00526	CHS	EAS
HG00154	GBR	EUR
HG00535	CHS	EAS
HG00531	CHS	EAS
HG00157	GBR	EUR
HG00533	CHS	EAS
HG00281	FIN	EUR
HG00542	CHS	EAS
HG00377	FIN	EUR
HG00171	FIN	EUR
HG00538	CHS	EAS
HG00306	FIN	EUR
HG00554	PUR	AMR
HG00384	FIN	EUR
HG00176	FIN	EUR
HG00552	PUR	AMR
HG00313	FIN	EUR
HG00410	CHS	EAS
HG00404	CHS	EAS
HG00183	FIN	EUR
HG00418	CHS	EAS
HG00558	CHS	EAS
HG00422	CHS	EAS
HG00409	CHS	EAS
HG00323	FIN	EUR
HG00420	CHS	EAS
HG00560	CHS	EAS
HG00427	CHS	EAS
HG00411	CHS	EAS
HG00328	FIN	EUR
HG00437	CHS	EAS
HG00565	CHS	EAS
HG00477	CHS	EAS
HG00423	CHS	EAS
HG00330	FIN	EUR
HG00379	FIN	EUR
HG00577	CHS	EAS
HG00530	CHS	EAS
HG00428	CHS	EAS
HG00474	CHS	EAS
HG00381	FIN	EUR
HG00584	CHS	EAS
HG00357	FIN	EUR
HG00442	CHS	EAS
HG00479	CHS	EAS
HG00406	CHS	EAS
HG00589	CHS	EAS
HG00364	FIN	EUR
HG00264	GBR	EUR
HG00501	CHS	EAS
HG00444	CHS	EAS
HG00419	CHS	EAS
HG00369	FIN	EUR
HG00269	FIN	EUR
HG00513	CHS	EAS
HG00449	CHS	EAS
HG00421	CHS	EAS
HG00371	FIN	EUR
HG00271	FIN	EUR
HG00525	CHS	EAS
HG00451	CHS	EAS
HG00438	CHS	EAS
HG00319	FIN	EUR
HG00276	FIN	EUR
HG00532	CHS	EAS
HG00463	CHS	EAS
HG00534	CHS	EAS
HG00321	FIN	EUR
HG00288	FIN	EUR
HG00537	CHS	EAS
HG00557	CHS	EAS
HG00553	PUR	AMR
HG00326	FIN	EUR
HG00290	FIN	EUR
HG00544	CHS	EAS
HG00583	CHS	EAS
HG00445	CHS	EAS
HG00338	FIN	EUR
HG00303	FIN	EUR
HG00551	PUR	AMR
HG00324	FIN	EUR
HG00452	CHS	EAS
HG00345	FIN	EUR
HG00308	FIN	EUR
HG00556	CHS	EAS
HG00329	FIN	EUR
HG00457	CHS	EAS
HG00282	FIN	EUR
HG00310	FIN	EUR
HG00429	CHS	EAS
HG00331	FIN	EUR
HG00464	CHS	EAS
HG00302	FIN	EUR
HG00358	FIN	EUR
HG00436	CHS	EAS
HG00355	FIN	EUR
HG00591	CHS	EAS
HG00706	CHS	EAS
HG00360	FIN	EUR
HG00443	CHS	EAS
HG00362	FIN	EUR
HG00596	CHS	EAS
HG00718	CHS	EAS
HG00365	FIN	EUR
HG00378	FIN	EUR
HG00367	FIN	EUR
HG00609	CHS	EAS
HG00732	PUR	AMR
HG00372	FIN	EUR
HG00380	FIN	EUR
HG00336	FIN	EUR
HG00611	CHS	EAS
HG00737	PUR	AMR
HG00339	FIN	EUR
HG00405	CHS	EAS
HG00343	FIN	EUR
HG00382	FIN	EUR
HG00559	CHS	EAS
HG00341	FIN	EUR
HG00448	CHS	EAS
HG00350	FIN	EUR
HG00407	CHS	EAS
HG00561	CHS	EAS
HG00346	FIN	EUR
HG00450	CHS	EAS
HG00742	PUR	AMR
HG00337	FIN	EUR
HG00566	CHS	EAS
HG00353	FIN	EUR
HG00594	CHS	EAS
HG00759	CDX	EAS
HG00344	FIN	EUR
HG00578	CHS	EAS
HG00315	FIN	EUR
HG00599	CHS	EAS
HG00766	CDX	EAS
HG00349	FIN	EUR
HG00580	CHS	EAS
HG00327	FIN	EUR
HG00607	CHS	EAS
HG00867	CDX	EAS
HG00351	FIN	EUR
HG00585	CHS	EAS
HG00334	FIN	EUR
HG00359	FIN	EUR
HG00879	CDX	EAS
HG00476	CHS	EAS
HG00693	CHS	EAS
HG00447	CHS	EAS
HG00361	FIN	EUR
HG00881	CDX	EAS
HG00356	FIN	EUR
HG00698	CHS	EAS
HG00459	CHS	EAS
HG00366	FIN	EUR
HG00956	CDX	EAS
HG00368	FIN	EUR
HG00701	CHS	EAS
HG00707	CHS	EAS
HG00373	FIN	EUR
HG00982	CDX	EAS
HG00375	FIN	EUR
HG00655	CHS	EAS
HG00733	PUR	AMR
HG00335	FIN	EUR
HG01029	CDX	EAS
HG00717	CHS	EAS
HG00662	CHS	EAS
HG00651	CHS	EAS
HG00342	FIN	EUR
HG01031	CDX	EAS
HG00729	CHS	EAS
HG00674	CHS	EAS
HG00656	CHS	EAS
HG00582	CHS	EAS
HG01048	PUR	AMR
HG00731	PUR	AMR
HG00631	CHS	EAS
HG00663	CHS	EAS
HG00676	CHS	EAS
HG01050	PUR	AMR
HG00736	PUR	AMR
HG00636	CHS	EAS
HG00675	CHS	EAS
HG00683	CHS	EAS
HG01055	PUR	AMR
HG00983	CDX	EAS
HG00650	CHS	EAS
HG00536	CHS	EAS
HG00690	CHS	EAS
HG00704	CHS	EAS
HG01049	PUR	AMR
HG00612	CHS	EAS
HG00543	CHS	EAS
HG00703	CHS	EAS
HG00709	CHS	EAS
HG01051	PUR	AMR
HG00624	CHS	EAS
HG00555	PUR	AMR
HG00614	CHS	EAS
HG00716	CHS	EAS
HG01056	PUR	AMR
HG00629	CHS	EAS
HG00694	CHS	EAS
HG00619	CHS	EAS
HG00728	CHS	EAS
HG00685	CHS	EAS
HG00592	CHS	EAS
HG00699	CHS	EAS
HG00621	CHS	EAS
HG00730	CHS	EAS
HG00692	CHS	EAS
HG00597	CHS	EAS
HG00702	CHS	EAS
HG00626	CHS	EAS
HG00735	PUR	AMR
HG00700	CHS	EAS
HG00600	CHS	EAS
HG00613	CHS	EAS
HG00652	CHS	EAS
HG00653	CHS	EAS
HG00705	CHS	EAS
HG01052	PUR	AMR
HG00620	CHS	EAS
HG00657	CHS	EAS
HG00658	CHS	EAS
HG01063	PUR	AMR
HG00864	CDX	EAS
HG00625	CHS	EAS
HG00664	CHS	EAS
HG00672	CHS	EAS
HG01068	PUR	AMR
HG01259	CLM	AMR
HG00738	PUR	AMR
HG00671	CHS	EAS
HG00684	CHS	EAS
HG01070	PUR	AMR
HG01261	CLM	AMR
HG00740	PUR	AMR
HG01080	PUR	AMR
HG00689	CHS	EAS
HG01075	PUR	AMR
HG01273	CLM	AMR
HG00978	CDX	EAS
HG01085	PUR	AMR
HG00691	CHS	EAS
HG00623	CHS	EAS
HG01278	CLM	AMR
HG00567	CHS	EAS
HG01092	PUR	AMR
HG00590	CHS	EAS
HG00628	CHS	EAS
HG01280	CLM	AMR
HG00579	CHS	EAS
HG01097	PUR	AMR
HG00595	CHS	EAS
HG00630	CHS	EAS
HG01204	PUR	AMR
HG00581	CHS	EAS
HG00633	CHS	EAS
HG00608	CHS	EAS
HG00635	CHS	EAS
HG01242	PUR	AMR
HG00632	CHS	EAS
HG00638	PUR	AMR
HG00610	CHS	EAS
HG00642	PUR	AMR
HG01247	PUR	AMR
HG00637	PUR	AMR
HG00640	PUR	AMR
HG00634	CHS	EAS
HG01082	PUR	AMR
HG01254	CLM	AMR
HG00593	CHS	EAS
HG01028	CDX	EAS
HG00639	PUR	AMR
HG01087	PUR	AMR
HG01177	PUR	AMR
HG00598	CHS	EAS
HG01047	PUR	AMR
HG00641	PUR	AMR
HG01094	PUR	AMR
HG01184	PUR	AMR
HG01200	PUR	AMR
HG01054	PUR	AMR
HG00615	CHS	EAS
HG00654	CHS	EAS
HG01189	PUR	AMR
HG01205	PUR	AMR
HG00739	PUR	AMR
HG00622	CHS	EAS
HG00673	CHS	EAS
HG01191	PUR	AMR
HG01243	PUR	AMR
HG00741	PUR	AMR
HG00627	CHS	EAS
HG00743	PUR	AMR
HG01083	PUR	AMR
HG01248	PUR	AMR
HG00866	CDX	EAS
HG01062	PUR	AMR
HG00844	CDX	EAS
HG01088	PUR	AMR
HG01250	CLM	AMR
HG00708	CHS	EAS
HG01067	PUR	AMR
HG00851	CDX	EAS
HG01090	PUR	AMR
HG01255	CLM	AMR
HG00734	PUR	AMR
HG01074	PUR	AMR
HG01099	PUR	AMR
HG01095	PUR	AMR
HG01142	CLM	AMR
HG01061	PUR	AMR
HG01334	GBR	EUR
HG01102	PUR	AMR
HG01103	PUR	AMR
HG01161	PUR	AMR
HG01066	PUR	AMR
HG01341	CLM	AMR
HG01107	PUR	AMR
HG01108	PUR	AMR
HG01173	PUR	AMR
HG01073	PUR	AMR
HG01346	CLM	AMR
HG01114	CLM	AMR
HG01110	PUR	AMR
HG01046	CDX	EAS
HG01148	CLM	AMR
HG01353	CLM	AMR
HG01119	CLM	AMR
HG01122	CLM	AMR
HG01053	PUR	AMR
HG01150	CLM	AMR
HG01098	PUR	AMR
HG01176	PUR	AMR
HG01134	CLM	AMR
HG01058	PUR	AMR
HG01162	PUR	AMR
HG01101	PUR	AMR
HG01183	PUR	AMR
HG01139	CLM	AMR
HG01060	PUR	AMR
HG01167	PUR	AMR
HG01106	PUR	AMR
HG01188	PUR	AMR
HG01064	PUR	AMR
HG01072	PUR	AMR
HG01174	PUR	AMR
HG01113	CLM	AMR
HG01190	PUR	AMR
HG01069	PUR	AMR
HG01077	PUR	AMR
HG01206	PUR	AMR
HG01257	CLM	AMR
HG01195	PUR	AMR
HG01071	PUR	AMR
HG01274	CLM	AMR
HG01249	PUR	AMR
HG01269	CLM	AMR
HG01121	CLM	AMR
HG01305	PUR	AMR
HG01279	CLM	AMR
HG01251	CLM	AMR
HG01271	CLM	AMR
HG01126	CLM	AMR
HG01312	PUR	AMR
HG01281	CLM	AMR
HG01256	CLM	AMR
HG01276	CLM	AMR
HG01133	CLM	AMR
HG01324	PUR	AMR
HG01104	PUR	AMR
HG01100	PUR	AMR
HG01149	CLM	AMR
HG01138	CLM	AMR
HG01141	CLM	AMR
HG01109	PUR	AMR
HG01105	PUR	AMR
HG01168	PUR	AMR
HG01140	CLM	AMR
HG01172	PUR	AMR
HG01111	PUR	AMR
HG01112	CLM	AMR
HG01170	PUR	AMR
HG01258	CLM	AMR
HG01343	CLM	AMR
HG01178	PUR	AMR
HG01357	CLM	AMR
HG01303	PUR	AMR
HG01260	CLM	AMR
HG01348	CLM	AMR
HG01192	PUR	AMR
HG01364	CLM	AMR
HG01308	PUR	AMR
HG01272	CLM	AMR
HG01350	CLM	AMR
HG01197	PUR	AMR
HG01369	CLM	AMR
HG01322	PUR	AMR
HG01277	CLM	AMR
HG01355	CLM	AMR
HG01084	PUR	AMR
HG01376	CLM	AMR
HG01327	PUR	AMR
HG01284	CLM	AMR
HG01413	PUR	AMR
HG01089	PUR	AMR
HG01124	CLM	AMR
HG01175	PUR	AMR
HG01311	PUR	AMR
HG01432	CLM	AMR
HG01096	PUR	AMR
HG01131	CLM	AMR
HG01182	PUR	AMR
HG01323	PUR	AMR
HG01437	CLM	AMR
HG01123	CLM	AMR
HG01136	CLM	AMR
HG01187	PUR	AMR
HG01359	CLM	AMR
HG01494	CLM	AMR
HG01130	CLM	AMR
HG01345	CLM	AMR
HG01079	PUR	AMR
HG01361	CLM	AMR
HG01499	CLM	AMR
HG01135	CLM	AMR
HG01352	CLM	AMR
HG01081	PUR	AMR
HG01366	CLM	AMR
HG01502	IBS	EUR
HG01488	CLM	AMR
HG01302	PUR	AMR
HG01086	PUR	AMR
HG01342	CLM	AMR
HG01379	CLM	AMR
HG01490	CLM	AMR
HG01326	PUR	AMR
HG01125	CLM	AMR
HG01347	CLM	AMR
HG01393	PUR	AMR
HG01495	CLM	AMR
HG01275	CLM	AMR
HG01137	CLM	AMR
HG01354	CLM	AMR
HG01398	PUR	AMR
HG01503	IBS	EUR
HG01198	PUR	AMR
HG01199	PUR	AMR
HG01164	PUR	AMR
HG01362	CLM	AMR
HG01414	PUR	AMR
HG01504	IBS	EUR
HG01252	CLM	AMR
HG01169	PUR	AMR
HG01367	CLM	AMR
HG01433	CLM	AMR
HG01509	IBS	EUR
HG01377	CLM	AMR
HG01171	PUR	AMR
HG01374	CLM	AMR
HG01438	CLM	AMR
HG01511	IBS	EUR
HG01384	CLM	AMR
HG01241	PUR	AMR
HG01444	CLM	AMR
HG01440	CLM	AMR
HG01516	IBS	EUR
HG01389	CLM	AMR
HG01253	CLM	AMR
HG01456	CLM	AMR
HG01344	CLM	AMR
HG01383	CLM	AMR
HG01391	CLM	AMR
HG01525	IBS	EUR
HG01463	CLM	AMR
HG01349	CLM	AMR
HG01390	CLM	AMR
HG01396	PUR	AMR
HG01532	IBS	EUR
HG01507	IBS	EUR
HG01351	CLM	AMR
HG01395	PUR	AMR
HG01524	IBS	EUR
HG01537	IBS	EUR
HG01514	IBS	EUR
HG01356	CLM	AMR
HG01597	KHV	EAS
HG01529	IBS	EUR
HG01551	CLM	AMR
HG01519	IBS	EUR
HG01445	CLM	AMR
HG01600	KHV	EAS
HG01531	IBS	EUR
HG01378	CLM	AMR
HG01521	IBS	EUR
HG01452	CLM	AMR
HG01605	IBS	EUR
HG01536	IBS	EUR
HG01385	CLM	AMR
HG01526	IBS	EUR
HG01457	CLM	AMR
HG01566	PEL	AMR
HG01550	CLM	AMR
HG01392	PUR	AMR
HG01538	IBS	EUR
HG01464	CLM	AMR
HG01573	PEL	AMR
HG01442	CLM	AMR
HG01397	PUR	AMR
HG01468	CLM	AMR
HG01508	IBS	EUR
HG01578	PEL	AMR
HG01447	CLM	AMR
HG01506	IBS	EUR
HG01482	CLM	AMR
HG01510	IBS	EUR
HG01403	PUR	AMR
HG01454	CLM	AMR
HG01513	IBS	EUR
HG01487	CLM	AMR
HG01515	IBS	EUR
HG01415	PUR	AMR
HG01459	CLM	AMR
HG01518	IBS	EUR
HG01552	CLM	AMR
HG01286	PUR	AMR
HG01439	CLM	AMR
HG01461	CLM	AMR
HG01520	IBS	EUR
HG01571	PEL	AMR
HG01301	PUR	AMR
HG01489	CLM	AMR
HG01567	PEL	AMR
HG01599	KHV	EAS
HG01583	PJL	SAS
HG01325	PUR	AMR
HG01491	CLM	AMR
HG01579	PEL	AMR
HG01602	IBS	EUR
HG01590	PJL	SAS
HG01363	CLM	AMR
HG01496	CLM	AMR
HG01586	PJL	SAS
HG01607	IBS	EUR
HG01595	KHV	EAS
HG01375	CLM	AMR
HG01523	IBS	EUR
HG01593	PJL	SAS
HG01493	CLM	AMR
HG01603	IBS	EUR
HG01394	PUR	AMR
HG01528	IBS	EUR
HG01358	CLM	AMR
HG01498	CLM	AMR
HG01608	IBS	EUR
HG01402	PUR	AMR
HG01530	IBS	EUR
HG01360	CLM	AMR
HG01501	IBS	EUR
HG01610	IBS	EUR
HG01471	CLM	AMR
HG01465	CLM	AMR
HG01365	CLM	AMR
HG01474	CLM	AMR
HG01704	IBS	EUR
HG01483	CLM	AMR
HG01477	CLM	AMR
HG01372	CLM	AMR
HG01479	CLM	AMR
HG01709	IBS	EUR
HG01565	PEL	AMR
HG01484	CLM	AMR
HG01492	CLM	AMR
HG01481	CLM	AMR
HG01711	IBS	EUR
HG01572	PEL	AMR
HG01441	CLM	AMR
HG01497	CLM	AMR
HG01486	CLM	AMR
HG01747	IBS	EUR
HG01577	PEL	AMR
HG01453	CLM	AMR
HG01500	IBS	EUR
HG01443	CLM	AMR
HG01761	IBS	EUR
HG01589	PJL	SAS
HG01756	IBS	EUR
HG01466	CLM	AMR
HG01455	CLM	AMR
HG01766	IBS	EUR
HG01596	KHV	EAS
HG01763	IBS	EUR
HG01473	CLM	AMR
HG01462	CLM	AMR
HG01773	IBS	EUR
HG01604	IBS	EUR
HG01768	IBS	EUR
HG01480	CLM	AMR
HG01405	PUR	AMR
HG01615	IBS	EUR
HG01609	IBS	EUR
HG01770	IBS	EUR
HG01485	CLM	AMR
HG01412	PUR	AMR
HG01622	IBS	EUR
HG01611	IBS	EUR
HG01775	IBS	EUR
HG01404	PUR	AMR
HG01431	CLM	AMR
HG01627	IBS	EUR
HG01678	IBS	EUR
HG01679	IBS	EUR
HG01411	PUR	AMR
HG01556	CLM	AMR
HG01778	IBS	EUR
HG01680	IBS	EUR
HG01681	IBS	EUR
HG01435	CLM	AMR
HG01594	PJL	SAS
HG01780	IBS	EUR
HG01685	IBS	EUR
HG01686	IBS	EUR
HG01505	IBS	EUR
HG01777	IBS	EUR
HG01785	IBS	EUR
HG01697	IBS	EUR
HG01698	IBS	EUR
HG01512	IBS	EUR
HG01784	IBS	EUR
HG01797	CDX	EAS
HG01700	IBS	EUR
HG01782	IBS	EUR
HG01517	IBS	EUR
HG01789	GBR	EUR
HG01800	CDX	EAS
HG01705	IBS	EUR
HG01787	IBS	EUR
HG01776	IBS	EUR
HG01791	GBR	EUR
HG01805	CDX	EAS
HG01748	IBS	EUR
HG01794	CDX	EAS
HG01783	IBS	EUR
HG01796	CDX	EAS
HG01812	CDX	EAS
HG01755	IBS	EUR
HG01629	IBS	EUR
HG01790	GBR	EUR
HG01614	IBS	EUR
HG01672	IBS	EUR
HG01779	IBS	EUR
HG01631	IBS	EUR
HG01795	CDX	EAS
HG01619	IBS	EUR
HG01677	IBS	EUR
HG01781	IBS	EUR
HG01667	IBS	EUR
HG01613	IBS	EUR
HG01621	IBS	EUR
HG01684	IBS	EUR
HG01786	IBS	EUR
HG01674	IBS	EUR
HG01618	IBS	EUR
HG01626	IBS	EUR
HG01696	IBS	EUR
HG01762	IBS	EUR
HG01612	IBS	EUR
HG01620	IBS	EUR
HG01703	IBS	EUR
HG01874	KHV	EAS
HG01767	IBS	EUR
HG01617	IBS	EUR
HG01625	IBS	EUR
HG01708	IBS	EUR
HG01879	ACB	AFR
HG01774	IBS	EUR
HG01624	IBS	EUR
HG01682	IBS	EUR
HG01710	IBS	EUR
HG01881	ACB	AFR
HG01628	IBS	EUR
HG01857	KHV	EAS
HG01687	IBS	EUR
HG01746	IBS	EUR
HG01886	ACB	AFR
HG01630	IBS	EUR
HG01864	KHV	EAS
HG01694	IBS	EUR
HG01633	IBS	EUR
HG01893	PEL	AMR
HG01673	IBS	EUR
HG01869	KHV	EAS
HG01699	IBS	EUR
HG01669	IBS	EUR
HG01898	PEL	AMR
HG01522	IBS	EUR
HG01871	KHV	EAS
HG01598	KHV	EAS
HG01671	IBS	EUR
HG01918	PEL	AMR
HG01527	IBS	EUR
HG01840	KHV	EAS
HG01601	IBS	EUR
HG01676	IBS	EUR
HG01920	PEL	AMR
HG01616	IBS	EUR
HG01845	KHV	EAS
HG01606	IBS	EUR
HG01816	CDX	EAS
HG01975	PEL	AMR
HG01623	IBS	EUR
HG01852	KHV	EAS
HG01632	IBS	EUR
HG01842	KHV	EAS
HG01982	PEL	AMR
HG01976	PEL	AMR
HG01799	CDX	EAS
HG01668	IBS	EUR
HG01847	KHV	EAS
HG01987	ACB	AFR
HG01983	PEL	AMR
HG01802	CDX	EAS
HG01670	IBS	EUR
HG01683	IBS	EUR
HG01956	ACB	AFR
HG01988	ACB	AFR
HG01807	CDX	EAS
HG01675	IBS	EUR
HG01695	IBS	EUR
HG01968	PEL	AMR
HG01990	ACB	AFR
HG01701	IBS	EUR
HG01757	IBS	EUR
HG01765	IBS	EUR
HG01970	PEL	AMR
HG01938	PEL	AMR
HG01706	IBS	EUR
HG01764	IBS	EUR
HG01772	IBS	EUR
HG01925	PEL	AMR
HG01940	PEL	AMR
HG01977	PEL	AMR
HG01769	IBS	EUR
HG01859	KHV	EAS
HG01932	PEL	AMR
HG01945	PEL	AMR
HG01984	PEL	AMR
HG01771	IBS	EUR
HG01861	KHV	EAS
HG01937	PEL	AMR
HG01952	PEL	AMR
HG01989	ACB	AFR
HG01815	CDX	EAS
HG01866	KHV	EAS
HG01944	PEL	AMR
HG01894	ACB	AFR
HG01991	PEL	AMR
HG01841	KHV	EAS
HG01804	CDX	EAS
HG01949	PEL	AMR
HG01914	ACB	AFR
HG01958	ACB	AFR
HG01846	KHV	EAS
HG01809	CDX	EAS
HG01951	PEL	AMR
HG01919	PEL	AMR
HG01960	ACB	AFR
HG01702	IBS	EUR
HG01811	CDX	EAS
HG01817	CDX	EAS
HG01921	PEL	AMR
HG01965	PEL	AMR
HG01707	IBS	EUR
HG01993	PEL	AMR
HG01843	KHV	EAS
HG01926	PEL	AMR
HG01972	PEL	AMR
HG01808	CDX	EAS
HG01998	PEL	AMR
HG01848	KHV	EAS
HG01933	PEL	AMR
HG01939	PEL	AMR
HG01810	CDX	EAS
HG02004	PEL	AMR
HG01850	KHV	EAS
HG01969	PEL	AMR
HG01941	PEL	AMR
HG01992	PEL	AMR
HG02009	ACB	AFR
HG01855	KHV	EAS
HG01971	PEL	AMR
HG01946	PEL	AMR
HG01997	PEL	AMR
HG02011	ACB	AFR
HG01862	KHV	EAS
HG01798	CDX	EAS
HG01953	PEL	AMR
HG02003	PEL	AMR
HG01892	PEL	AMR
HG01867	KHV	EAS
HG01801	CDX	EAS
HG02040	KHV	EAS
HG02008	PEL	AMR
HG01897	ACB	AFR
HG02012	ACB	AFR
HG01806	CDX	EAS
HG02052	ACB	AFR
HG02010	ACB	AFR
HG01912	ACB	AFR
HG02017	KHV	EAS
HG01813	CDX	EAS
HG02057	KHV	EAS
HG01954	PEL	AMR
HG01917	PEL	AMR
HG02024	KHV	EAS
HG01882	ACB	AFR
HG02019	KHV	EAS
HG01959	ACB	AFR
HG02035	KHV	EAS
HG02029	KHV	EAS
HG01887	ACB	AFR
HG02021	KHV	EAS
HG01961	PEL	AMR
HG02047	KHV	EAS
HG02031	KHV	EAS
HG01844	KHV	EAS
HG02026	KHV	EAS
HG01973	PEL	AMR
HG02054	ACB	AFR
HG02182	CDX	EAS
HG01849	KHV	EAS
HG01922	PEL	AMR
HG01872	KHV	EAS
HG02059	KHV	EAS
HG02187	CDX	EAS
HG01851	KHV	EAS
HG01927	PEL	AMR
HG01884	ACB	AFR
HG01873	KHV	EAS
HG02219	IBS	EUR
HG01863	KHV	EAS
HG01934	PEL	AMR
HG01889	ACB	AFR
HG01878	KHV	EAS
HG02221	IBS	EUR
HG01868	KHV	EAS
HG01890	ACB	AFR
HG01978	PEL	AMR
HG01880	ACB	AFR
HG02137	KHV	EAS
HG01870	KHV	EAS
HG01895	ACB	AFR
HG01980	PEL	AMR
HG01885	ACB	AFR
HG02144	ACB	AFR
HG02188	CDX	EAS
HG01915	ACB	AFR
HG01985	ACB	AFR
HG01979	PEL	AMR
HG02151	CDX	EAS
HG02190	CDX	EAS
HG02002	PEL	AMR
HG01923	PEL	AMR
HG01981	PEL	AMR
HG02081	KHV	EAS
HG02215	GBR	EUR
HG02014	ACB	AFR
HG01928	PEL	AMR
HG01986	ACB	AFR
HG02086	KHV	EAS
HG02222	IBS	EUR
HG01883	ACB	AFR
HG01935	PEL	AMR
HG02016	KHV	EAS
HG02106	PEL	AMR
HG02107	ACB	AFR
HG01888	ACB	AFR
HG01891	ACB	AFR
HG02023	KHV	EAS
HG02233	IBS	EUR
HG02121	KHV	EAS
HG02083	KHV	EAS
HG01896	ACB	AFR
HG02028	KHV	EAS
HG02238	IBS	EUR
HG02126	KHV	EAS
HG02088	KHV	EAS
HG01916	ACB	AFR
HG02030	KHV	EAS
HG02240	IBS	EUR
HG02133	KHV	EAS
HG02090	PEL	AMR
HG01853	KHV	EAS
HG01943	PEL	AMR
HG02252	PEL	AMR
HG02018	KHV	EAS
HG02095	ACB	AFR
HG01858	KHV	EAS
HG01948	PEL	AMR
HG02048	KHV	EAS
HG02020	KHV	EAS
HG02134	KHV	EAS
HG01860	KHV	EAS
HG01950	PEL	AMR
HG02050	KHV	EAS
HG02025	KHV	EAS
HG02139	KHV	EAS
HG01865	KHV	EAS
HG01955	PEL	AMR
HG02055	ACB	AFR
HG02032	KHV	EAS
HG02141	KHV	EAS
HG01942	PEL	AMR
HG01967	PEL	AMR
HG02067	KHV	EAS
HG02138	KHV	EAS
HG02146	PEL	AMR
HG01947	PEL	AMR
HG01974	PEL	AMR
HG02074	KHV	EAS
HG02140	KHV	EAS
HG02278	PEL	AMR
HG02015	KHV	EAS
HG01924	PEL	AMR
HG02079	KHV	EAS
HG02145	ACB	AFR
HG02280	ACB	AFR
HG02027	KHV	EAS
HG01936	PEL	AMR
HG02113	KHV	EAS
HG02049	KHV	EAS
HG02285	PEL	AMR
HG02224	IBS	EUR
HG02136	KHV	EAS
HG02120	KHV	EAS
HG02051	ACB	AFR
HG02292	PEL	AMR
HG02229	IBS	EUR
HG02143	ACB	AFR
HG02132	KHV	EAS
HG02056	KHV	EAS
HG02254	PEL	AMR
HG02231	IBS	EUR
HG02148	PEL	AMR
HG02156	CDX	EAS
HG02082	KHV	EAS
HG02259	PEL	AMR
HG02236	IBS	EUR
HG02150	PEL	AMR
HG02168	CDX	EAS
HG02087	KHV	EAS
HG02261	PEL	AMR
HG02250	CDX	EAS
HG02061	KHV	EAS
HG02170	CDX	EAS
HG02102	PEL	AMR
HG02266	PEL	AMR
HG02084	KHV	EAS
HG02073	KHV	EAS
HG02480	ACB	AFR
HG02068	KHV	EAS
HG02273	PEL	AMR
HG02089	PEL	AMR
HG02078	KHV	EAS
HG02485	ACB	AFR
HG02070	KHV	EAS
HG02064	KHV	EAS
HG02091	PEL	AMR
HG02080	KHV	EAS
HG02492	PJL	SAS
HG02075	KHV	EAS
HG02069	KHV	EAS
HG02104	PEL	AMR
HG02186	CDX	EAS
HG02497	ACB	AFR
HG01995	PEL	AMR
HG02071	KHV	EAS
HG02111	ACB	AFR
HG02218	IBS	EUR
HG02322	ACB	AFR
HG02006	PEL	AMR
HG02076	KHV	EAS
HG02116	KHV	EAS
HG02220	IBS	EUR
HG02334	ACB	AFR
HG02013	ACB	AFR
HG02108	ACB	AFR
HG02128	KHV	EAS
HG02085	KHV	EAS
HG02339	ACB	AFR
HG02152	CDX	EAS
HG02122	KHV	EAS
HG02130	KHV	EAS
HG02105	PEL	AMR
HG02353	CDX	EAS
HG02164	CDX	EAS
HG02127	KHV	EAS
HG02255	ACB	AFR
HG02282	ACB	AFR
HG02303	PEL	AMR
HG02169	CDX	EAS
HG02184	CDX	EAS
HG02262	PEL	AMR
HG02287	PEL	AMR
HG02308	ACB	AFR
HG02176	CDX	EAS
HG02189	CDX	EAS
HG02267	PEL	AMR
HG02225	IBS	EUR
HG02315	ACB	AFR
HG02258	ACB	AFR
HG02223	IBS	EUR
HG02274	PEL	AMR
HG02232	IBS	EUR
HG02358	CDX	EAS
HG02260	PEL	AMR
HG02230	IBS	EUR
HG02135	KHV	EAS
HG02237	IBS	EUR
HG02360	CDX	EAS
HG02265	PEL	AMR
HG02235	IBS	EUR
HG02142	KHV	EAS
HG02256	ACB	AFR
HG02372	CDX	EAS
HG02272	PEL	AMR
HG02153	CDX	EAS
HG02147	PEL	AMR
HG02275	PEL	AMR
HG02377	CDX	EAS
HG02450	ACB	AFR
HG02165	CDX	EAS
HG02046	KHV	EAS
HG02129	KHV	EAS
HG02409	CDX	EAS
HG02455	ACB	AFR
HG02502	ACB	AFR
HG02053	ACB	AFR
HG02131	KHV	EAS
HG02428	ACB	AFR
HG02462	GWD	AFR
HG02514	KHV	EAS
HG02058	KHV	EAS
HG02155	CDX	EAS
HG02442	ACB	AFR
HG02277	PEL	AMR
HG02521	KHV	EAS
HG02060	KHV	EAS
HG02179	CDX	EAS
HG02461	GWD	AFR
HG02284	ACB	AFR
HG02526	KHV	EAS
HG02072	KHV	EAS
HG02181	CDX	EAS
HG02466	GWD	AFR
HG02291	PEL	AMR
HG02545	ACB	AFR
HG02077	KHV	EAS
HG02299	PEL	AMR
HG02478	ACB	AFR
HG02304	PEL	AMR
HG02449	ACB	AFR
HG02154	CDX	EAS
HG02302	PEL	AMR
HG02257	ACB	AFR
HG02309	ACB	AFR
HG02451	ACB	AFR
HG02166	CDX	EAS
HG02307	ACB	AFR
HG02271	PEL	AMR
HG02316	ACB	AFR
HG02463	GWD	AFR
HG02173	CDX	EAS
HG02314	ACB	AFR
HG02276	PEL	AMR
HG02234	IBS	EUR
HG02470	ACB	AFR
HG02178	CDX	EAS
HG02321	ACB	AFR
HG02283	ACB	AFR
HG02239	IBS	EUR
HG02406	CDX	EAS
HG02180	CDX	EAS
HG02408	CDX	EAS
HG02288	PEL	AMR
HG02253	PEL	AMR
HG02420	ACB	AFR
HG02185	CDX	EAS
HG02410	CDX	EAS
HG02384	CDX	EAS
HG02373	CDX	EAS
HG02425	PEL	AMR
HG02217	IBS	EUR
HG02415	PEL	AMR
HG02389	CDX	EAS
HG02380	CDX	EAS
HG02300	PEL	AMR
HG02325	ACB	AFR
HG02427	ACB	AFR
HG02391	CDX	EAS
HG02405	CDX	EAS
HG02312	PEL	AMR
HG02332	ACB	AFR
HG02439	ACB	AFR
HG02396	CDX	EAS
HG02429	ACB	AFR
HG02317	ACB	AFR
HG02337	ACB	AFR
HG02484	ACB	AFR
HG02668	GWD	AFR
HG02436	ACB	AFR
HG02557	ACB	AFR
HG02344	PEL	AMR
HG02489	ACB	AFR
HG02675	GWD	AFR
HG02323	ACB	AFR
HG02569	GWD	AFR
HG02351	CDX	EAS
HG02491	PJL	SAS
HG02682	PJL	SAS
HG02330	ACB	AFR
HG02571	GWD	AFR
HG02356	CDX	EAS
HG02496	ACB	AFR
HG02687	PJL	SAS
HG02347	PEL	AMR
HG02367	CDX	EAS
HG02279	PEL	AMR
HG02547	ACB	AFR
HG02505	ACB	AFR
HG02385	CDX	EAS
HG02374	CDX	EAS
HG02281	ACB	AFR
HG02554	ACB	AFR
HG02512	KHV	EAS
HG02392	CDX	EAS
HG02379	CDX	EAS
HG02286	PEL	AMR
HG02559	ACB	AFR
HG02524	KHV	EAS
HG02397	CDX	EAS
HG02381	CDX	EAS
HG02293	PEL	AMR
HG02561	GWD	AFR
HG02536	ACB	AFR
HG02479	ACB	AFR
HG02343	ACB	AFR
HG02445	ACB	AFR
HG02511	ACB	AFR
HG02721	GWD	AFR
HG02481	ACB	AFR
HG02348	PEL	AMR
HG02464	GWD	AFR
HG02523	KHV	EAS
HG02726	PJL	SAS
HG02486	ACB	AFR
HG02355	CDX	EAS
HG02471	ACB	AFR
HG02388	CDX	EAS
HG02733	PJL	SAS
HG02493	PJL	SAS
HG02386	CDX	EAS
HG02476	ACB	AFR
HG02390	CDX	EAS
HG02601	PJL	SAS
HG02501	ACB	AFR
HG02398	CDX	EAS
HG02298	PEL	AMR
HG02395	CDX	EAS
HG02613	GWD	AFR
HG02688	PJL	SAS
HG02401	CDX	EAS
HG02301	PEL	AMR
HG02364	CDX	EAS
HG02620	GWD	AFR
HG02690	PJL	SAS
HG02494	PJL	SAS
HG02318	ACB	AFR
HG02371	CDX	EAS
HG02694	PJL	SAS
HG02703	GWD	AFR
HG02689	PJL	SAS
HG02508	ACB	AFR
HG02383	CDX	EAS
HG02699	PJL	SAS
HG02715	GWD	AFR
HG02691	PJL	SAS
HG02522	KHV	EAS
HG02465	GWD	AFR
HG02702	GWD	AFR
HG02549	ACB	AFR
HG02696	PJL	SAS
HG02541	ACB	AFR
HG02477	ACB	AFR
HG02555	ACB	AFR
HG02563	GWD	AFR
HG02704	GWD	AFR
HG02387	CDX	EAS
HG02345	PEL	AMR
HG02562	GWD	AFR
HG02568	GWD	AFR
HG02716	GWD	AFR
HG02394	CDX	EAS
HG02737	PJL	SAS
HG02567	GWD	AFR
HG02570	GWD	AFR
HG02723	GWD	AFR
HG02399	CDX	EAS
HG02756	GWD	AFR
HG02649	PJL	SAS
HG02599	PJL	SAS
HG02728	PJL	SAS
HG02402	CDX	EAS
HG02763	GWD	AFR
HG02651	PJL	SAS
HG02602	PJL	SAS
HG02735	PJL	SAS
HG02363	CDX	EAS
HG02768	GWD	AFR
HG02656	PJL	SAS
HG02614	GWD	AFR
HG02773	GWD	AFR
HG02375	CDX	EAS
HG02770	GWD	AFR
HG02574	GWD	AFR
HG02513	KHV	EAS
HG02778	PJL	SAS
HG02382	CDX	EAS
HG02667	GWD	AFR
HG02586	GWD	AFR
HG02525	KHV	EAS
HG02780	PJL	SAS
HG02407	CDX	EAS
HG02679	GWD	AFR
HG02625	GWD	AFR
HG02537	ACB	AFR
HG02785	PJL	SAS
HG02419	ACB	AFR
HG02681	PJL	SAS
HG02644	GWD	AFR
HG02575	GWD	AFR
HG02603	PJL	SAS
HG02433	ACB	AFR
HG02686	PJL	SAS
HG02738	PJL	SAS
HG02582	GWD	AFR
HG02610	GWD	AFR
HG02490	PJL	SAS
HG02597	PJL	SAS
HG02757	GWD	AFR
HG02587	GWD	AFR
HG02615	GWD	AFR
HG02495	PJL	SAS
HG02600	PJL	SAS
HG02764	GWD	AFR
HG02594	GWD	AFR
HG02583	GWD	AFR
HG02666	GWD	AFR
HG02605	PJL	SAS
HG02769	GWD	AFR
HG02676	GWD	AFR
HG02588	GWD	AFR
HG02678	GWD	AFR
HG02612	GWD	AFR
HG02771	GWD	AFR
HG02683	PJL	SAS
HG02590	GWD	AFR
HG02680	GWD	AFR
HG02648	PJL	SAS
HG02884	GWD	AFR
HG02652	PJL	SAS
HG02595	GWD	AFR
HG02685	PJL	SAS
HG02650	PJL	SAS
HG02889	GWD	AFR
HG02657	PJL	SAS
HG02677	GWD	AFR
HG02623	GWD	AFR
HG02655	PJL	SAS
HG02891	GWD	AFR
HG02621	GWD	AFR
HG02684	PJL	SAS
HG02628	GWD	AFR
HG02662	PJL	SAS
HG02896	GWD	AFR
HG02645	GWD	AFR
HG02622	GWD	AFR
HG02630	GWD	AFR
HG02624	GWD	AFR
HG02923	ESN	AFR
HG02791	PJL	SAS
HG02634	GWD	AFR
HG02635	GWD	AFR
HG02629	GWD	AFR
HG03008	BEB	SAS
HG02804	GWD	AFR
HG02646	GWD	AFR
HG02642	GWD	AFR
HG02636	GWD	AFR
HG03015	PJL	SAS
HG02809	GWD	AFR
HG02653	PJL	SAS
HG02647	GWD	AFR
HG02643	GWD	AFR
HG03022	PJL	SAS
HG02811	GWD	AFR
HG02658	PJL	SAS
HG02654	PJL	SAS
HG02573	GWD	AFR
HG03027	GWD	AFR
HG02722	GWD	AFR
HG02660	PJL	SAS
HG02659	PJL	SAS
HG02580	ACB	AFR
HG02776	PJL	SAS
HG02727	PJL	SAS
HG02759	GWD	AFR
HG02661	PJL	SAS
HG02585	GWD	AFR
HG02783	PJL	SAS
HG02734	PJL	SAS
HG02761	GWD	AFR
HG02717	GWD	AFR
HG02775	PJL	SAS
HG02788	PJL	SAS
HG02854	GWD	AFR
HG02792	PJL	SAS
HG02724	PJL	SAS
HG02787	PJL	SAS
HG02790	PJL	SAS
HG02861	GWD	AFR
HG02800	GWD	AFR
HG02729	PJL	SAS
HG02725	PJL	SAS
HG02815	GWD	AFR
HG02878	GWD	AFR
HG02805	GWD	AFR
HG02731	PJL	SAS
HG02698	PJL	SAS
HG02839	GWD	AFR
HG02880	GWD	AFR
HG02812	GWD	AFR
HG02596	GWD	AFR
HG02701	PJL	SAS
HG02841	GWD	AFR
HG02885	GWD	AFR
HG03012	BEB	SAS
HG02604	PJL	SAS
HG02814	GWD	AFR
HG02942	ESN	AFR
HG02892	GWD	AFR
HG03017	PJL	SAS
HG02611	GWD	AFR
HG02819	GWD	AFR
HG02947	ESN	AFR
HG02897	GWD	AFR
HG03024	GWD	AFR
HG02572	GWD	AFR
HG02821	GWD	AFR
HG02954	ESN	AFR
HG02924	ESN	AFR
HG02855	GWD	AFR
HG02577	ACB	AFR
HG02838	GWD	AFR
HG02966	ESN	AFR
HG02758	GWD	AFR
HG02862	GWD	AFR
HG02584	GWD	AFR
HG02840	GWD	AFR
HG02808	GWD	AFR
HG02760	GWD	AFR
HG02879	GWD	AFR
HG02589	GWD	AFR
HG02852	GWD	AFR
HG02810	GWD	AFR
HG02772	GWD	AFR
HG02881	GWD	AFR
HG02692	PJL	SAS
HG03033	GWD	AFR
HG02973	ESN	AFR
HG02974	ESN	AFR
HG02970	ESN	AFR
HG02697	PJL	SAS
HG03040	GWD	AFR
HG02978	ESN	AFR
HG02979	ESN	AFR
HG02975	ESN	AFR
HG02700	PJL	SAS
HG03045	GWD	AFR
HG02980	ESN	AFR
HG02981	ESN	AFR
HG02982	GWD	AFR
HG02736	PJL	SAS
HG03052	MSL	AFR
HG02853	GWD	AFR
HG02784	PJL	SAS
HG03029	GWD	AFR
HG02762	GWD	AFR
HG03007	BEB	SAS
HG02860	GWD	AFR
HG02789	PJL	SAS
HG03048	GWD	AFR
HG02546	ACB	AFR
HG03019	PJL	SAS
HG03200	ESN	AFR
HG02943	ESN	AFR
HG03050	GWD	AFR
HG02558	ACB	AFR
HG03021	PJL	SAS
HG03212	MSL	AFR
HG02948	ESN	AFR
HG03055	MSL	AFR
HG02813	GWD	AFR
HG03026	GWD	AFR
HG03224	MSL	AFR
HG02816	GWD	AFR
HG03062	MSL	AFR
HG02818	GWD	AFR
HG02888	GWD	AFR
HG03229	PJL	SAS
HG03054	MSL	AFR
HG03074	MSL	AFR
HG02820	GWD	AFR
HG02890	GWD	AFR
HG03236	PJL	SAS
HG03059	MSL	AFR
HG02817	GWD	AFR
HG02837	GWD	AFR
HG02895	GWD	AFR
HG03034	GWD	AFR
HG03061	MSL	AFR
HG02836	GWD	AFR
HG02851	GWD	AFR
HG02922	ESN	AFR
HG03039	GWD	AFR
HG03066	MSL	AFR
HG02944	ESN	AFR
HG03006	BEB	SAS
HG02794	PJL	SAS
HG03041	GWD	AFR
HG03073	MSL	AFR
HG02968	ESN	AFR
HG03018	PJL	SAS
HG02799	GWD	AFR
HG03046	GWD	AFR
HG03100	ESN	AFR
HG02886	GWD	AFR
HG03025	GWD	AFR
HG02807	GWD	AFR
HG03053	MSL	AFR
HG03105	ESN	AFR
HG03199	ESN	AFR
HG02969	ESN	AFR
HG02939	ESN	AFR
HG03248	GWD	AFR
HG03112	ESN	AFR
HG03202	ESN	AFR
HG02971	ESN	AFR
HG02941	ESN	AFR
HG03250	GWD	AFR
HG03117	ESN	AFR
HG03238	PJL	SAS
HG02976	ESN	AFR
HG02946	ESN	AFR
HG03267	ESN	AFR
HG03078	MSL	AFR
HG03303	ESN	AFR
HG02983	GWD	AFR
HG02953	ESN	AFR
HG03058	MSL	AFR
HG03080	MSL	AFR
HG03308	ESN	AFR
HG02793	PJL	SAS
HG02965	ESN	AFR
HG03060	MSL	AFR
HG03085	MSL	AFR
HG03310	ESN	AFR
HG02798	GWD	AFR
HG02972	ESN	AFR
HG03065	MSL	AFR
HG03097	MSL	AFR
HG03339	ESN	AFR
HG02806	GWD	AFR
HG02977	ESN	AFR
HG03072	MSL	AFR
HG03028	GWD	AFR
HG03341	ESN	AFR
HG02774	PJL	SAS
HG02984	GWD	AFR
HG03077	MSL	AFR
HG03035	GWD	AFR
HG03118	ESN	AFR
HG02779	PJL	SAS
HG03057	MSL	AFR
HG03084	MSL	AFR
HG03047	GWD	AFR
HG03120	ESN	AFR
HG02781	PJL	SAS
HG03064	MSL	AFR
HG03091	MSL	AFR
HG03009	BEB	SAS
HG03125	ESN	AFR
HG02786	PJL	SAS
HG03069	MSL	AFR
HG03096	MSL	AFR
HG03016	PJL	SAS
HG03132	ESN	AFR
HG02856	GWD	AFR
HG02869	GWD	AFR
HG03135	ESN	AFR
HG03023	PJL	SAS
HG03079	MSL	AFR
HG02870	GWD	AFR
HG02871	GWD	AFR
HG03159	ESN	AFR
HG03225	MSL	AFR
HG03081	MSL	AFR
HG02882	GWD	AFR
HG02883	GWD	AFR
HG03161	ESN	AFR
HG03237	PJL	SAS
HG03086	MSL	AFR
HG02887	GWD	AFR
HG03209	MSL	AFR
HG03166	ESN	AFR
HG03124	ESN	AFR
HG03098	MSL	AFR
HG02938	ESN	AFR
HG03228	PJL	SAS
HG03104	ESN	AFR
HG03129	ESN	AFR
HG03168	ESN	AFR
HG02945	ESN	AFR
HG03230	PJL	SAS
HG03109	ESN	AFR
HG03131	ESN	AFR
HG03170	ESN	AFR
HG02952	ESN	AFR
HG03235	PJL	SAS
HG03111	ESN	AFR
HG03136	ESN	AFR
HG03175	ESN	AFR
HG02964	ESN	AFR
HG03242	GWD	AFR
HG03116	ESN	AFR
HG03162	ESN	AFR
HG03194	ESN	AFR
HG03049	GWD	AFR
HG03247	GWD	AFR
HG03123	ESN	AFR
HG03167	ESN	AFR
HG03240	GWD	AFR
HG03241	GWD	AFR
HG03259	GWD	AFR
HG03128	ESN	AFR
HG03193	ESN	AFR
HG03269	ESN	AFR
HG03246	GWD	AFR
HG03266	ESN	AFR
HG03130	ESN	AFR
HG03198	ESN	AFR
HG03271	ESN	AFR
HG03258	GWD	AFR
HG03103	ESN	AFR
HG03173	ESN	AFR
HG03489	PJL	SAS
HG03295	ESN	AFR
HG03260	GWD	AFR
HG03108	ESN	AFR
HG03197	ESN	AFR
HG03491	PJL	SAS
HG03137	ESN	AFR
HG03265	ESN	AFR
HG03110	ESN	AFR
HG03522	ESN	AFR
HG03511	ESN	AFR
HG03163	ESN	AFR
HG03169	ESN	AFR
HG03115	ESN	AFR
HG03539	GWD	AFR
HG03516	ESN	AFR
HG03101	ESN	AFR
HG03171	ESN	AFR
HG03172	ESN	AFR
HG03558	MSL	AFR
HG03352	ESN	AFR
HG03113	ESN	AFR
HG03176	ESN	AFR
HG03189	ESN	AFR
HG03565	MSL	AFR
HG03369	ESN	AFR
HG03473	MSL	AFR
HG03190	ESN	AFR
HG03191	ESN	AFR
HG03469	MSL	AFR
HG03371	ESN	AFR
HG03478	MSL	AFR
HG03195	ESN	AFR
HG03196	ESN	AFR
HG03471	MSL	AFR
HG03376	MSL	AFR
HG03480	MSL	AFR
HG03203	ESN	AFR
HG03305	ESN	AFR
HG03476	MSL	AFR
HG03249	GWD	AFR
HG03485	MSL	AFR
HG03234	PJL	SAS
HG03312	ESN	AFR
HG03488	PJL	SAS
HG03251	GWD	AFR
HG03454	MSL	AFR
HG03239	PJL	SAS
HG03343	ESN	AFR
HG03402	MSL	AFR
HG03268	ESN	AFR
HG03459	MSL	AFR
HG03119	ESN	AFR
HG03350	ESN	AFR
HG03419	MSL	AFR
HG03453	MSL	AFR
HG03461	MSL	AFR
HG03121	ESN	AFR
HG03280	ESN	AFR
HG03433	MSL	AFR
HG03458	MSL	AFR
HG03466	MSL	AFR
HG03126	ESN	AFR
HG03297	ESN	AFR
HG03438	MSL	AFR
HG03460	MSL	AFR
HG03411	MSL	AFR
HG03133	ESN	AFR
HG03300	ESN	AFR
HG03445	MSL	AFR
HG03465	MSL	AFR
HG03428	MSL	AFR
HG03099	ESN	AFR
HG03139	ESN	AFR
HG03490	PJL	SAS
HG03408	MSL	AFR
HG03442	MSL	AFR
HG03107	ESN	AFR
HG03158	ESN	AFR
HG03508	ESN	AFR
HG03410	MSL	AFR
HG03492	PJL	SAS
HG03114	ESN	AFR
HG03160	ESN	AFR
HG03510	ESN	AFR
HG03439	MSL	AFR
HG03517	ESN	AFR
HG03272	ESN	AFR
HG03122	ESN	AFR
HG03515	ESN	AFR
HG03446	MSL	AFR
HG03567	MSL	AFR
HG03291	ESN	AFR
HG03127	ESN	AFR
HG03279	ESN	AFR
HG03270	ESN	AFR
HG03574	MSL	AFR
HG03296	ESN	AFR
HG03134	ESN	AFR
HG03293	ESN	AFR
HG03294	ESN	AFR
HG03579	MSL	AFR
HG03140	ESN	AFR
HG03076	MSL	AFR
HG03298	ESN	AFR
HG03299	ESN	AFR
HG03593	BEB	SAS
HG03157	ESN	AFR
HG03088	MSL	AFR
HG03301	ESN	AFR
HG03302	ESN	AFR
HG03598	BEB	SAS
HG03164	ESN	AFR
HG03095	MSL	AFR
HG03351	ESN	AFR
HG03472	MSL	AFR
HG03606	BEB	SAS
HG03056	MSL	AFR
HG03521	ESN	AFR
HG03363	ESN	AFR
HG03477	MSL	AFR
HG03365	ESN	AFR
HG03063	MSL	AFR
HG03538	GWD	AFR
HG03368	ESN	AFR
HG03484	MSL	AFR
HG03372	ESN	AFR
HG03082	MSL	AFR
HG03540	GWD	AFR
HG03370	ESN	AFR
HG03383	MSL	AFR
HG03384	MSL	AFR
HG03378	MSL	AFR
HG03557	MSL	AFR
HG03452	MSL	AFR
HG03388	MSL	AFR
HG03391	MSL	AFR
HG03380	MSL	AFR
HG03564	MSL	AFR
HG03457	MSL	AFR
HG03390	MSL	AFR
HG03548	MSL	AFR
HG03385	MSL	AFR
HG03569	MSL	AFR
HG03464	MSL	AFR
HG03307	ESN	AFR
HG03644	STU	SAS
HG03397	MSL	AFR
HG03571	MSL	AFR
HG03382	MSL	AFR
HG03314	ESN	AFR
HG03649	PJL	SAS
HG03354	ESN	AFR
HG03576	MSL	AFR
HG03394	MSL	AFR
HG03693	STU	SAS
HG03651	PJL	SAS
HG03361	ESN	AFR
HG03583	MSL	AFR
HG03399	MSL	AFR
HG03698	STU	SAS
HG03656	PJL	SAS
HG03366	ESN	AFR
HG03590	BEB	SAS
HG03306	ESN	AFR
HG03701	PJL	SAS
HG03663	PJL	SAS
HG03373	ESN	AFR
HG03381	MSL	AFR
HG03313	ESN	AFR
HG03706	PJL	SAS
HG03668	PJL	SAS
HG03304	ESN	AFR
HG03393	MSL	AFR
HG03344	ESN	AFR
HG03624	PJL	SAS
HG03694	STU	SAS
HG03309	ESN	AFR
HG03398	MSL	AFR
HG03692	STU	SAS
HG03629	PJL	SAS
HG03699	PJL	SAS
HG03311	ESN	AFR
HG03401	MSL	AFR
HG03697	STU	SAS
HG03631	PJL	SAS
HG03702	PJL	SAS
HG03342	ESN	AFR
HG03595	BEB	SAS
HG03700	PJL	SAS
HG03636	PJL	SAS
HG03707	PJL	SAS
HG03575	MSL	AFR
HG03603	BEB	SAS
HG03705	PJL	SAS
HG03713	ITU	SAS
HG03757	STU	SAS
HG03582	MSL	AFR
HG03615	BEB	SAS
HG03572	MSL	AFR
HG03718	ITU	SAS
HG03769	PJL	SAS
HG03587	BEB	SAS
HG03470	MSL	AFR
HG03577	MSL	AFR
HG03720	ITU	SAS
HG03771	ITU	SAS
HG03493	ESN	AFR
HG03487	PJL	SAS
HG03584	MSL	AFR
HG03725	ITU	SAS
HG03733	STU	SAS
HG03513	ESN	AFR
HG03499	ESN	AFR
HG03589	BEB	SAS
HG03643	STU	SAS
HG03738	STU	SAS
HG03518	ESN	AFR
HG03514	ESN	AFR
HG03729	ITU	SAS
HG03650	PJL	SAS
HG03740	STU	SAS
HG03520	ESN	AFR
HG03519	ESN	AFR
HG03731	ITU	SAS
HG03667	PJL	SAS
HG03745	STU	SAS
HG03474	MSL	AFR
HG03432	MSL	AFR
HG03736	STU	SAS
HG03679	STU	SAS
HG03752	STU	SAS
HG03479	MSL	AFR
HG03437	MSL	AFR
HG03743	STU	SAS
HG03681	STU	SAS
HG03618	PJL	SAS
HG03486	MSL	AFR
HG03449	MSL	AFR
HG03750	STU	SAS
HG03686	STU	SAS
HG03620	PJL	SAS
HG03549	MSL	AFR
HG03451	MSL	AFR
HG03596	BEB	SAS
HG03547	MSL	AFR
HG03625	PJL	SAS
HG03556	MSL	AFR
HG03456	MSL	AFR
HG03604	BEB	SAS
HG03559	MSL	AFR
HG03795	BEB	SAS
HG03563	MSL	AFR
HG03468	MSL	AFR
HG03611	BEB	SAS
HG03566	MSL	AFR
HG03803	BEB	SAS
HG03450	MSL	AFR
HG03362	ESN	AFR
HG03616	BEB	SAS
HG03600	BEB	SAS
HG03808	BEB	SAS
HG03455	MSL	AFR
HG03367	ESN	AFR
HG03755	STU	SAS
HG03605	BEB	SAS
HG03714	ITU	SAS
HG03462	MSL	AFR
HG03374	ESN	AFR
HG03762	PJL	SAS
HG03617	BEB	SAS
HG03719	ITU	SAS
HG03431	MSL	AFR
HG03754	STU	SAS
HG03767	PJL	SAS
HG03578	MSL	AFR
HG03721	ITU	SAS
HG03436	MSL	AFR
HG03761	PJL	SAS
HG03673	STU	SAS
HG03585	BEB	SAS
HG03783	ITU	SAS
HG03619	PJL	SAS
HG03766	PJL	SAS
HG03680	STU	SAS
HG03732	ITU	SAS
HG03788	ITU	SAS
HG03621	PJL	SAS
HG03773	ITU	SAS
HG03685	STU	SAS
HG03744	STU	SAS
HG03790	ITU	SAS
HG03626	PJL	SAS
HG03672	STU	SAS
HG03642	STU	SAS
HG03922	BEB	SAS
HG03682	STU	SAS
HG03633	PJL	SAS
HG03684	STU	SAS
HG03654	PJL	SAS
HG03927	BEB	SAS
HG03687	STU	SAS
HG03638	PJL	SAS
HG03689	STU	SAS
HG03717	ITU	SAS
HG03934	BEB	SAS
HG03973	ITU	SAS
HG03640	PJL	SAS
HG03691	STU	SAS
HG03635	PJL	SAS
HG03939	BEB	SAS
HG03978	ITU	SAS
HG03710	PJL	SAS
HG03696	STU	SAS
HG03832	BEB	SAS
HG03941	BEB	SAS
HG03985	STU	SAS
HG03715	ITU	SAS
HG03704	PJL	SAS
HG03837	STU	SAS
HG03833	BEB	SAS
HG03992	STU	SAS
HG03722	ITU	SAS
HG03709	PJL	SAS
HG03844	STU	SAS
HG03838	STU	SAS
HG03904	BEB	SAS
HG03727	ITU	SAS
HG03646	STU	SAS
HG03849	STU	SAS
HG03840	STU	SAS
HG03909	BEB	SAS
HG03669	PJL	SAS
HG03653	PJL	SAS
HG03851	STU	SAS
HG03845	STU	SAS
HG03911	BEB	SAS
HG03683	STU	SAS
HG03660	PJL	SAS
HG03875	ITU	SAS
HG03876	ITU	SAS
HG03916	BEB	SAS
HG03688	STU	SAS
HG03634	PJL	SAS
HG03882	ITU	SAS
HG03888	STU	SAS
HG03834	BEB	SAS
HG03690	STU	SAS
HG03639	PJL	SAS
HG03887	STU	SAS
HG03890	STU	SAS
HG03846	STU	SAS
HG03760	STU	SAS
HG03641	PJL	SAS
HG03894	STU	SAS
HG03895	STU	SAS
HG03942	BEB	SAS
HG03765	PJL	SAS
HG03797	BEB	SAS
HG03899	STU	SAS
HG03756	STU	SAS
HG03947	STU	SAS
HG03772	ITU	SAS
HG03800	BEB	SAS
HG03793	BEB	SAS
HG03763	PJL	SAS
HG03884	STU	SAS
HG03695	STU	SAS
HG03805	BEB	SAS
HG03798	BEB	SAS
HG03770	ITU	SAS
HG03896	STU	SAS
HG03703	PJL	SAS
HG03778	ITU	SAS
HG03801	BEB	SAS
HG03794	BEB	SAS
HG03815	BEB	SAS
HG03708	PJL	SAS
HG03780	ITU	SAS
HG03806	BEB	SAS
HG03799	BEB	SAS
HG03822	BEB	SAS
HG03645	STU	SAS
HG03785	ITU	SAS
HG03856	STU	SAS
HG03802	BEB	SAS
HG04003	STU	SAS
HG03652	PJL	SAS
HG03792	ITU	SAS
HG03863	ITU	SAS
HG03807	BEB	SAS
HG04015	ITU	SAS
HG03657	PJL	SAS
HG03711	STU	SAS
HG03868	ITU	SAS
HG03903	BEB	SAS
HG04022	ITU	SAS
HG03594	BEB	SAS
HG03716	ITU	SAS
HG03870	ITU	SAS
HG03908	BEB	SAS
HG03928	BEB	SAS
HG03599	BEB	SAS
HG03723	ITU	SAS
HG03919	BEB	SAS
HG03910	BEB	SAS
HG03930	BEB	SAS
HG03602	BEB	SAS
HG03730	ITU	SAS
HG03926	BEB	SAS
HG03915	BEB	SAS
HG03858	STU	SAS
HG03607	BEB	SAS
HG03742	ITU	SAS
HG03940	BEB	SAS
HG03857	STU	SAS
HG03872	ITU	SAS
HG03741	STU	SAS
HG03944	STU	SAS
HG03902	BEB	SAS
HG03864	ITU	SAS
NA06985	CEU	EUR
HG03746	STU	SAS
HG03949	STU	SAS
HG03907	BEB	SAS
HG03869	ITU	SAS
NA06997	CEU	EUR
HG03753	STU	SAS
HG03951	STU	SAS
HG03914	BEB	SAS
HG03871	ITU	SAS
NA07022	CEU	EUR
HG03777	ITU	SAS
HG03963	ITU	SAS
HG03774	ITU	SAS
HG03814	BEB	SAS
NA07034	CEU	EUR
HG03784	ITU	SAS
HG03968	ITU	SAS
HG03779	ITU	SAS
HG03821	BEB	SAS
HG04212	ITU	SAS
HG03789	ITU	SAS
HG03812	BEB	SAS
HG03781	ITU	SAS
HG03826	BEB	SAS
HG04217	ITU	SAS
HG03943	STU	SAS
HG03817	BEB	SAS
HG03786	ITU	SAS
HG03775	ITU	SAS
HG04229	STU	SAS
HG03948	STU	SAS
HG03824	BEB	SAS
HG03945	STU	SAS
HG03782	ITU	SAS
HG04301	GBR	EUR
HG03950	STU	SAS
HG03829	BEB	SAS
HG03969	ITU	SAS
HG03787	ITU	SAS
HG04192	BEB	SAS
HG03955	STU	SAS
HG03831	BEB	SAS
HG03813	BEB	SAS
HG04115	STU	SAS
HG04197	STU	SAS
HG03967	ITU	SAS
HG03999	STU	SAS
HG03825	BEB	SAS
HG04122	STU	SAS
HG04200	ITU	SAS
HG03811	BEB	SAS
HG04017	ITU	SAS
HG04063	ITU	SAS
HG04127	STU	SAS
NA07349	CEU	EUR
HG03816	BEB	SAS
HG04024	ITU	SAS
HG04070	ITU	SAS
HG04134	BEB	SAS
NA10830	CEU	EUR
HG03823	BEB	SAS
HG04029	STU	SAS
HG04075	STU	SAS
HG04141	BEB	SAS
NA10835	CEU	EUR
HG03830	BEB	SAS
HG03879	ITU	SAS
HG04094	ITU	SAS
HG04191	BEB	SAS
HG04147	BEB	SAS
HG03917	BEB	SAS
HG03886	STU	SAS
HG04099	STU	SAS
HG04204	STU	SAS
HG04159	BEB	SAS
HG03924	BEB	SAS
HG03898	STU	SAS
HG04164	BEB	SAS
HG04209	ITU	SAS
HG04161	BEB	SAS
HG03929	BEB	SAS
HG03862	ITU	SAS
HG04171	BEB	SAS
HG04211	ITU	SAS
HG04173	BEB	SAS
HG03931	BEB	SAS
HG03867	ITU	SAS
HG04176	BEB	SAS
HG04146	BEB	SAS
HG04180	BEB	SAS
HG03854	STU	SAS
HG03874	ITU	SAS
HG04183	BEB	SAS
HG04153	BEB	SAS
HG04185	BEB	SAS
HG03861	ITU	SAS
HG03920	BEB	SAS
HG04188	BEB	SAS
HG04158	BEB	SAS
HG04039	STU	SAS
HG03866	ITU	SAS
HG03925	BEB	SAS
HG04215	STU	SAS
HG04160	BEB	SAS
HG04053	ITU	SAS
HG03873	ITU	SAS
HG03937	BEB	SAS
HG04222	ITU	SAS
HG03972	ITU	SAS
HG04058	ITU	SAS
HG03796	BEB	SAS
HG03901	BEB	SAS
HG04227	STU	SAS
HG03977	ITU	SAS
HG04128	BEB	SAS
HG03804	BEB	SAS
HG03906	BEB	SAS
HG04239	ITU	SAS
HG03989	STU	SAS
HG04135	BEB	SAS
HG03809	BEB	SAS
HG03913	BEB	SAS
HG04107	STU	SAS
HG03991	STU	SAS
HG04142	BEB	SAS
HG03900	STU	SAS
HG03836	STU	SAS
HG04114	STU	SAS
HG04033	STU	SAS
HG04060	ITU	SAS
HG03905	BEB	SAS
HG03848	STU	SAS
HG04133	BEB	SAS
HG04038	STU	SAS
HG04096	ITU	SAS
HG03885	STU	SAS
HG03850	STU	SAS
HG04140	BEB	SAS
HG04040	STU	SAS
NA12766	CEU	EUR
HG03897	STU	SAS
HG03982	STU	SAS
HG04001	ITU	SAS
HG04177	BEB	SAS
NA12778	CEU	EUR
HG03835	STU	SAS
NA06994	CEU	EUR
HG04006	STU	SAS
HG04184	BEB	SAS
NA12812	CEU	EUR
HG03842	STU	SAS
NA07000	CEU	EUR
HG04018	ITU	SAS
HG04189	BEB	SAS
NA12817	CEU	EUR
HG03847	STU	SAS
NA07029	CEU	EUR
HG04020	ITU	SAS
HG04002	ITU	SAS
NA12343	CEU	EUR
HG03974	ITU	SAS
NA07031	CEU	EUR
HG04025	ITU	SAS
HG04014	ITU	SAS
NA12348	CEU	EUR
HG03986	STU	SAS
NA07048	CEU	EUR
HG03971	ITU	SAS
HG04019	ITU	SAS
NA12386	CEU	EUR
HG04059	ITU	SAS
NA07055	CEU	EUR
HG03976	ITU	SAS
HG04026	ITU	SAS
NA12413	CEU	EUR
HG04061	ITU	SAS
NA07346	CEU	EUR
HG03988	STU	SAS
HG03953	STU	SAS
NA12829	CEU	EUR
HG04080	ITU	SAS
NA07435	CEU	EUR
HG03990	STU	SAS
HG03960	ITU	SAS
NA12843	CEU	EUR
HG04100	STU	SAS
HG04062	ITU	SAS
HG03995	STU	SAS
HG03965	ITU	SAS
NA12874	CEU	EUR
NA06986	CEU	EUR
HG04067	STU	SAS
HG04195	BEB	SAS
HG04076	ITU	SAS
NA12273	CEU	EUR
NA06993	CEU	EUR
HG04093	ITU	SAS
HG04208	STU	SAS
HG04090	ITU	SAS
NA12329	CEU	EUR
HG04162	BEB	SAS
HG04098	ITU	SAS
HG04210	STU	SAS
NA06984	CEU	EUR
NA12336	CEU	EUR
HG04174	BEB	SAS
HG04106	STU	SAS
HG04152	BEB	SAS
NA06989	CEU	EUR
NA10859	CEU	EUR
HG04181	BEB	SAS
HG04194	BEB	SAS
HG04157	BEB	SAS
NA06991	CEU	EUR
NA10861	CEU	EUR
HG04186	BEB	SAS
HG04199	STU	SAS
HG04037	STU	SAS
NA07014	CEU	EUR
NA11840	CEU	EUR
HG04193	BEB	SAS
HG04202	ITU	SAS
HG04056	ITU	SAS
NA07019	CEU	EUR
NA12045	CEU	EUR
HG04198	ITU	SAS
HG04144	BEB	SAS
NA10857	CEU	EUR
NA11894	CEU	EUR
NA12057	CEU	EUR
HG04206	ITU	SAS
HG04149	BEB	SAS
NA10864	CEU	EUR
NA11919	CEU	EUR
NA12146	CEU	EUR
HG04035	STU	SAS
HG04151	BEB	SAS
NA11829	CEU	EUR
NA11933	CEU	EUR
NA10842	CEU	EUR
HG04042	STU	SAS
HG04156	BEB	SAS
NA11831	CEU	EUR
NA11995	CEU	EUR
NA10847	CEU	EUR
HG04047	STU	SAS
HG04214	ITU	SAS
NA11843	CEU	EUR
NA12234	CEU	EUR
NA10854	CEU	EUR
HG04054	ITU	SAS
HG04219	ITU	SAS
NA11881	CEU	EUR
NA12239	CEU	EUR
NA12716	CEU	EUR
HG04148	BEB	SAS
HG04238	ITU	SAS
NA11893	CEU	EUR
NA12272	CEU	EUR
NA12761	CEU	EUR
HG04150	BEB	SAS
HG04303	GBR	EUR
NA11918	CEU	EUR
NA12335	CEU	EUR
NA18485	YRI	AFR
HG04155	BEB	SAS
HG04175	BEB	SAS
NA11920	CEU	EUR
NA12006	CEU	EUR
NA18497	YRI	AFR
HG04131	BEB	SAS
HG04182	BEB	SAS
NA11932	CEU	EUR
NA12044	CEU	EUR
NA18500	YRI	AFR
HG04136	BEB	SAS
HG04187	BEB	SAS
NA11994	CEU	EUR
NA12056	CEU	EUR
NA18745	CHB	EAS
HG03998	STU	SAS
HG04118	ITU	SAS
NA07037	CEU	EUR
NA12145	CEU	EUR
NA18757	CHB	EAS
HG04023	ITU	SAS
HG04132	BEB	SAS
NA07051	CEU	EUR
NA12342	CEU	EUR
NA18795	CHB	EAS
HG04225	ITU	SAS
HG04036	STU	SAS
NA07056	CEU	EUR
NA12347	CEU	EUR
NA18853	YRI	AFR
HG04302	GBR	EUR
HG04050	ITU	SAS
NA07347	CEU	EUR
NA12400	CEU	EUR
NA18858	YRI	AFR
NA12762	CEU	EUR
HG04055	ITU	SAS
NA12005	CEU	EUR
NA10860	CEU	EUR
NA18860	YRI	AFR
NA12767	CEU	EUR
NA12763	CEU	EUR
NA12043	CEU	EUR
NA10865	CEU	EUR
NA18618	CHB	EAS
NA12801	CEU	EUR
NA12775	CEU	EUR
NA12144	CEU	EUR
NA11832	CEU	EUR
NA18620	CHB	EAS
NA12813	CEU	EUR
NA12802	CEU	EUR
NA12156	CEU	EUR
NA11882	CEU	EUR
NA18625	CHB	EAS
NA12818	CEU	EUR
NA12814	CEU	EUR
NA12264	CEU	EUR
HG04216	ITU	SAS
NA18632	CHB	EAS
NA12546	CEU	EUR
NA12249	CEU	EUR
NA12283	CEU	EUR
HG04228	STU	SAS
NA18567	CHB	EAS
NA12717	CEU	EUR
NA12275	CEU	EUR
NA12341	CEU	EUR
HG04235	ITU	SAS
NA18574	CHB	EAS
NA12748	CEU	EUR
NA12282	CEU	EUR
NA12485	CEU	EUR
NA10839	CEU	EUR
NA18579	CHB	EAS
NA12750	CEU	EUR
NA12287	CEU	EUR
NA10838	CEU	EUR
NA10846	CEU	EUR
NA18593	CHB	EAS
NA12003	CEU	EUR
NA12340	CEU	EUR
NA10840	CEU	EUR
NA10853	CEU	EUR
NA18548	CHB	EAS
NA12046	CEU	EUR
NA12376	CEU	EUR
NA10845	CEU	EUR
NA07045	CEU	EUR
NA18550	CHB	EAS
NA12058	CEU	EUR
NA12383	CEU	EUR
NA10852	CEU	EUR
NA07348	CEU	EUR
NA18555	CHB	EAS
NA12154	CEU	EUR
NA12489	CEU	EUR
NA12707	CEU	EUR
NA12828	CEU	EUR
NA18562	CHB	EAS
NA12344	CEU	EUR
NA11892	CEU	EUR
NA12740	CEU	EUR
NA12830	CEU	EUR
NA18505	YRI	AFR
NA12375	CEU	EUR
NA11917	CEU	EUR
NA12752	CEU	EUR
NA12842	CEU	EUR
NA18517	YRI	AFR
NA12399	CEU	EUR
NA11931	CEU	EUR
NA06995	CEU	EUR
NA12873	CEU	EUR
NA18637	CHB	EAS
NA12414	CEU	EUR
NA11993	CEU	EUR
NA12827	CEU	EUR
NA12878	CEU	EUR
NA18644	CHB	EAS
NA07340	CEU	EUR
NA12718	CEU	EUR
NA12865	CEU	EUR
NA12892	CEU	EUR
NA18740	CHB	EAS
NA07345	CEU	EUR
NA12749	CEU	EUR
NA12872	CEU	EUR
NA18484	YRI	AFR
NA18865	YRI	AFR
NA07357	CEU	EUR
NA12751	CEU	EUR
NA12877	CEU	EUR
NA18489	YRI	AFR
NA18872	YRI	AFR
NA10831	CEU	EUR
NA12864	CEU	EUR
NA12889	CEU	EUR
NA18504	YRI	AFR
NA18877	YRI	AFR
NA11891	CEU	EUR
NA12890	CEU	EUR
NA12891	CEU	EUR
NA12708	CEU	EUR
NA18531	CHB	EAS
NA11930	CEU	EUR
NA10837	CEU	EUR
NA18488	YRI	AFR
NA12739	CEU	EUR
NA18536	CHB	EAS
NA11992	CEU	EUR
NA10851	CEU	EUR
NA18503	YRI	AFR
NA12753	CEU	EUR
NA18543	CHB	EAS
NA12248	CEU	EUR
NA10856	CEU	EUR
NA18508	YRI	AFR
NA12760	CEU	EUR
NA18606	CHB	EAS
NA12274	CEU	EUR
NA12004	CEU	EUR
NA18510	YRI	AFR
NA18509	YRI	AFR
NA18613	CHB	EAS
NA12286	CEU	EUR
NA12155	CEU	EUR
NA18515	YRI	AFR
NA18511	YRI	AFR
NA18909	YRI	AFR
NA10836	CEU	EUR
NA10863	CEU	EUR
NA18522	YRI	AFR
NA18516	YRI	AFR
NA18911	YRI	AFR
NA10843	CEU	EUR
NA11830	CEU	EUR
NA18596	CHB	EAS
NA18523	YRI	AFR
NA18916	YRI	AFR
NA10850	CEU	EUR
NA18487	YRI	AFR
NA18609	CHB	EAS
NA18528	CHB	EAS
NA18923	YRI	AFR
NA10855	CEU	EUR
NA18499	YRI	AFR
NA18611	CHB	EAS
NA18530	CHB	EAS
NA18930	YRI	AFR
NA11839	CEU	EUR
NA18502	YRI	AFR
NA18616	CHB	EAS
NA18535	CHB	EAS
NA18935	YRI	AFR
NA18486	YRI	AFR
NA18564	CHB	EAS
NA18565	CHB	EAS
NA18542	CHB	EAS
NA18942	JPT	EAS
NA18498	YRI	AFR
NA18571	CHB	EAS
NA18572	CHB	EAS
NA18547	CHB	EAS
NA18947	JPT	EAS
NA18501	YRI	AFR
NA18576	CHB	EAS
NA18577	CHB	EAS
NA18559	CHB	EAS
NA19027	LWK	AFR
NA18633	CHB	EAS
NA18595	CHB	EAS
NA18591	CHB	EAS
NA18561	CHB	EAS
NA19041	LWK	AFR
NA18638	CHB	EAS
NA18507	YRI	AFR
NA18546	CHB	EAS
NA18597	CHB	EAS
NA19046	LWK	AFR
NA18640	CHB	EAS
NA18519	YRI	AFR
NA18553	CHB	EAS
NA18605	CHB	EAS
NA19058	JPT	EAS
NA18645	CHB	EAS
NA18521	YRI	AFR
NA18558	CHB	EAS
NA18612	CHB	EAS
NA19060	JPT	EAS
NA18506	YRI	AFR
NA18603	CHB	EAS
NA18560	CHB	EAS
NA18566	CHB	EAS
NA19065	JPT	EAS
NA18518	YRI	AFR
NA18608	CHB	EAS
NA12776	CEU	EUR
NA18573	CHB	EAS
NA19072	JPT	EAS
NA18520	YRI	AFR
NA18610	CHB	EAS
NA12815	CEU	EUR
NA18592	CHB	EAS
NA18954	JPT	EAS
NA18525	CHB	EAS
NA18615	CHB	EAS
NA18623	CHB	EAS
NA12777	CEU	EUR
NA18959	JPT	EAS
NA18532	CHB	EAS
NA18545	CHB	EAS
NA18628	CHB	EAS
NA18934	YRI	AFR
NA18961	JPT	EAS
NA18537	CHB	EAS
NA18552	CHB	EAS
NA18630	CHB	EAS
NA18939	JPT	EAS
NA18966	JPT	EAS
NA18544	CHB	EAS
NA18557	CHB	EAS
NA18527	CHB	EAS
NA18941	JPT	EAS
NA18985	JPT	EAS
NA18549	CHB	EAS
NA18526	CHB	EAS
NA18534	CHB	EAS
NA18946	JPT	EAS
NA18992	JPT	EAS
NA18563	CHB	EAS
NA18533	CHB	EAS
NA18539	CHB	EAS
NA18749	CHB	EAS
NA18997	JPT	EAS
NA18619	CHB	EAS
NA18538	CHB	EAS
NA18541	CHB	EAS
NA18794	CHB	EAS
NA19077	JPT	EAS
NA18621	CHB	EAS
NA18634	CHB	EAS
NA18863	YRI	AFR
NA18852	YRI	AFR
NA19084	JPT	EAS
NA18626	CHB	EAS
NA18639	CHB	EAS
NA18868	YRI	AFR
NA18857	YRI	AFR
NA19089	JPT	EAS
NA18570	CHB	EAS
NA18641	CHB	EAS
NA18870	YRI	AFR
NA18617	CHB	EAS
NA18973	JPT	EAS
NA18582	CHB	EAS
NA18646	CHB	EAS
NA18875	YRI	AFR
NA18624	CHB	EAS
NA18978	JPT	EAS
NA18599	CHB	EAS
NA18747	CHB	EAS
NA18933	YRI	AFR
NA18629	CHB	EAS
NA18980	JPT	EAS
NA18602	CHB	EAS
NA18855	YRI	AFR
NA18940	JPT	EAS
NA18631	CHB	EAS
NA19003	JPT	EAS
NA18614	CHB	EAS
NA18622	CHB	EAS
NA18945	JPT	EAS
NA18864	YRI	AFR
NA19010	JPT	EAS
NA12832	CEU	EUR
NA18627	CHB	EAS
NA18635	CHB	EAS
NA18869	YRI	AFR
NA19154	YRI	AFR
NA12875	CEU	EUR
NA19000	JPT	EAS
NA18642	CHB	EAS
NA18871	YRI	AFR
NA19159	YRI	AFR
NA18912	YRI	AFR
NA19005	JPT	EAS
NA18647	CHB	EAS
NA18876	YRI	AFR
NA19161	YRI	AFR
NA18917	YRI	AFR
NA19012	JPT	EAS
NA18907	YRI	AFR
NA18908	YRI	AFR
NA19166	YRI	AFR
NA18924	YRI	AFR
NA19017	LWK	AFR
NA18914	YRI	AFR
NA18910	YRI	AFR
NA19173	YRI	AFR
NA18861	YRI	AFR
NA19024	LWK	AFR
NA18748	CHB	EAS
NA18915	YRI	AFR
NA19185	YRI	AFR
NA18873	YRI	AFR
NA18879	YRI	AFR
NA18856	YRI	AFR
NA18636	CHB	EAS
NA19109	YRI	AFR
NA18878	YRI	AFR
NA18881	YRI	AFR
NA18983	JPT	EAS
NA18643	CHB	EAS
NA19116	YRI	AFR
NA19004	JPT	EAS
NA18906	YRI	AFR
NA18988	JPT	EAS
NA18648	CHB	EAS
NA19123	YRI	AFR
NA19009	JPT	EAS
NA18913	YRI	AFR
NA18990	JPT	EAS
NA18984	JPT	EAS
NA19128	YRI	AFR
NA19011	JPT	EAS
NA18925	YRI	AFR
NA18995	JPT	EAS
NA18989	JPT	EAS
NA19130	YRI	AFR
NA19023	LWK	AFR
NA18862	YRI	AFR
NA19001	JPT	EAS
NA18991	JPT	EAS
NA19197	YRI	AFR
NA18791	CHB	EAS
NA18867	YRI	AFR
NA19006	JPT	EAS
NA18953	JPT	EAS
NA19200	YRI	AFR
NA18854	YRI	AFR
NA18874	YRI	AFR
NA19020	LWK	AFR
NA18960	JPT	EAS
NA19205	YRI	AFR
NA18859	YRI	AFR
NA19055	JPT	EAS
NA18969	JPT	EAS
NA18965	JPT	EAS
NA19091	JPT	EAS
NA18967	JPT	EAS
NA19062	JPT	EAS
NA18971	JPT	EAS
NA18972	JPT	EAS
NA19096	YRI	AFR
NA18974	JPT	EAS
NA19067	JPT	EAS
NA18976	JPT	EAS
NA18977	JPT	EAS
NA19104	YRI	AFR
NA18979	JPT	EAS
NA19074	JPT	EAS
NA18952	JPT	EAS
NA19153	YRI	AFR
NA19248	YRI	AFR
NA18981	JPT	EAS
NA18968	JPT	EAS
NA18957	JPT	EAS
NA19160	YRI	AFR
NA19313	LWK	AFR
NA19028	LWK	AFR
NA18970	JPT	EAS
NA18964	JPT	EAS
NA19172	YRI	AFR
NA19224	YRI	AFR
NA19030	LWK	AFR
NA18975	JPT	EAS
NA19208	YRI	AFR
NA19177	YRI	AFR
NA19236	YRI	AFR
NA19035	LWK	AFR
NA18982	JPT	EAS
NA19210	YRI	AFR
NA19184	YRI	AFR
NA19142	YRI	AFR
NA19042	LWK	AFR
NA19031	LWK	AFR
NA19215	YRI	AFR
NA19189	YRI	AFR
NA19147	YRI	AFR
NA18950	JPT	EAS
NA19036	LWK	AFR
NA19222	YRI	AFR
NA19191	YRI	AFR
NA19318	LWK	AFR
NA18955	JPT	EAS
NA19043	LWK	AFR
NA19239	YRI	AFR
NA19196	YRI	AFR
NA19320	LWK	AFR
NA18962	JPT	EAS
NA18987	JPT	EAS
NA19094	YRI	AFR
NA19204	YRI	AFR
NA19332	LWK	AFR
NA18986	JPT	EAS
NA18994	JPT	EAS
NA19099	YRI	AFR
NA19108	YRI	AFR
NA19351	LWK	AFR
NA18993	JPT	EAS
NA18999	JPT	EAS
NA19102	YRI	AFR
NA19115	YRI	AFR
NA19375	LWK	AFR
NA18998	JPT	EAS
NA18951	JPT	EAS
NA19107	YRI	AFR
NA19122	YRI	AFR
NA19678	MXL	AMR
NA18943	JPT	EAS
NA18956	JPT	EAS
NA19114	YRI	AFR
NA19127	YRI	AFR
NA19680	MXL	AMR
NA18948	JPT	EAS
NA18963	JPT	EAS
NA19119	YRI	AFR
NA19139	YRI	AFR
NA19685	MXL	AMR
NA19131	YRI	AFR
NA18944	JPT	EAS
NA19121	YRI	AFR
NA19141	YRI	AFR
NA19700	ASW	AFR
NA19143	YRI	AFR
NA18949	JPT	EAS
NA19152	YRI	AFR
NA19146	YRI	AFR
NA19705	ASW	AFR
NA19148	YRI	AFR
NA19240	YRI	AFR
NA19171	YRI	AFR
NA19095	YRI	AFR
NA19712	ASW	AFR
NA19150	YRI	AFR
NA19252	YRI	AFR
NA19176	YRI	AFR
NA19103	YRI	AFR
NA19717	MXL	AMR
NA19092	YRI	AFR
NA19257	YRI	AFR
NA19138	YRI	AFR
NA19076	JPT	EAS
NA19724	MXL	AMR
NA19097	YRI	AFR
NA19308	LWK	AFR
NA19140	YRI	AFR
NA19083	JPT	EAS
NA19382	LWK	AFR
NA19100	YRI	AFR
NA19310	LWK	AFR
NA19145	YRI	AFR
NA19088	JPT	EAS
NA19394	LWK	AFR
NA19105	YRI	AFR
NA19214	YRI	AFR
NA19190	YRI	AFR
NA19090	JPT	EAS
NA19399	LWK	AFR
NA19249	YRI	AFR
NA19221	YRI	AFR
NA19195	YRI	AFR
NA19002	JPT	EAS
NA19438	LWK	AFR
NA19256	YRI	AFR
NA19226	YRI	AFR
NA19203	YRI	AFR
NA19007	JPT	EAS
NA19440	LWK	AFR
NA19307	LWK	AFR
NA19238	YRI	AFR
NA19056	JPT	EAS
NA19019	LWK	AFR
NA19445	LWK	AFR
NA19198	YRI	AFR
NA19132	YRI	AFR
NA19063	JPT	EAS
NA19057	JPT	EAS
NA19750	MXL	AMR
NA19201	YRI	AFR
NA19137	YRI	AFR
NA19068	JPT	EAS
NA19064	JPT	EAS
NA19755	MXL	AMR
NA19206	YRI	AFR
NA19144	YRI	AFR
NA19070	JPT	EAS
NA19026	LWK	AFR
NA19762	MXL	AMR
NA19213	YRI	AFR
NA19149	YRI	AFR
NA19075	JPT	EAS
NA19038	LWK	AFR
NA19729	MXL	AMR
NA19225	YRI	AFR
NA19151	YRI	AFR
NA19082	JPT	EAS
NA19449	LWK	AFR
NA19731	MXL	AMR
NA19237	YRI	AFR
NA19113	YRI	AFR
NA19087	JPT	EAS
NA19451	LWK	AFR
NA19748	MXL	AMR
NA19117	YRI	AFR
NA19118	YRI	AFR
NA19025	LWK	AFR
NA19456	LWK	AFR
NA19452	LWK	AFR
NA19129	YRI	AFR
NA19120	YRI	AFR
NA19037	LWK	AFR
NA19463	LWK	AFR
NA19457	LWK	AFR
NA19078	JPT	EAS
NA19093	YRI	AFR
NA19044	LWK	AFR
NA19468	LWK	AFR
NA19469	LWK	AFR
NA19080	JPT	EAS
NA19098	YRI	AFR
NA19429	LWK	AFR
NA19470	LWK	AFR
NA19471	LWK	AFR
NA19085	JPT	EAS
NA19101	YRI	AFR
NA19431	LWK	AFR
NA19209	YRI	AFR
NA19654	MXL	AMR
NA19054	JPT	EAS
NA19199	YRI	AFR
NA19436	LWK	AFR
NA19211	YRI	AFR
NA19659	MXL	AMR
NA19059	JPT	EAS
NA19202	YRI	AFR
NA19443	LWK	AFR
NA19223	YRI	AFR
NA19661	MXL	AMR
NA19066	JPT	EAS
NA19207	YRI	AFR
NA19664	MXL	AMR
NA19235	YRI	AFR
NA19774	MXL	AMR
NA19174	YRI	AFR
NA19315	LWK	AFR
NA19669	MXL	AMR
NA19660	MXL	AMR
NA19779	MXL	AMR
NA19186	YRI	AFR
NA19327	LWK	AFR
NA19671	MXL	AMR
NA19665	MXL	AMR
NA19781	MXL	AMR
NA19679	MXL	AMR
NA19334	LWK	AFR
NA19676	MXL	AMR
NA19672	MXL	AMR
NA19786	MXL	AMR
NA19681	MXL	AMR
NA19346	LWK	AFR
NA19347	LWK	AFR
NA19677	MXL	AMR
NA20358	ASW	AFR
NA19686	MXL	AMR
NA19175	YRI	AFR
NA19359	LWK	AFR
NA19247	YRI	AFR
NA20360	ASW	AFR
NA19701	ASW	AFR
NA19079	JPT	EAS
NA19373	LWK	AFR
NA19254	YRI	AFR
NA20505	TSI	EUR
NA19472	LWK	AFR
NA19081	JPT	EAS
NA19378	LWK	AFR
NA19312	LWK	AFR
NA19902	ASW	AFR
NA19648	MXL	AMR
NA19086	JPT	EAS
NA19258	YRI	AFR
NA19381	LWK	AFR
NA19914	ASW	AFR
NA19650	MXL	AMR
NA19473	LWK	AFR
NA19309	LWK	AFR
NA19393	LWK	AFR
NA19919	ASW	AFR
NA19655	MXL	AMR
NA19625	ASW	AFR
NA19311	LWK	AFR
NA19398	LWK	AFR
NA19921	ASW	AFR
NA19713	ASW	AFR
NA19649	MXL	AMR
NA19474	LWK	AFR
NA19401	LWK	AFR
NA20339	ASW	AFR
NA19718	MXL	AMR
NA19651	MXL	AMR
NA19652	MXL	AMR
NA19350	LWK	AFR
NA20341	ASW	AFR
NA19720	MXL	AMR
NA19656	MXL	AMR
NA19657	MXL	AMR
NA19355	LWK	AFR
NA20346	ASW	AFR
NA19725	MXL	AMR
NA19714	ASW	AFR
NA19683	MXL	AMR
NA19374	LWK	AFR
NA20512	TSI	EUR
NA19434	LWK	AFR
NA19719	MXL	AMR
NA19703	ASW	AFR
NA19379	LWK	AFR
NA20517	TSI	EUR
NA19439	LWK	AFR
NA19721	MXL	AMR
NA19708	ASW	AFR
NA19475	LWK	AFR
NA20524	TSI	EUR
NA19446	LWK	AFR
NA19726	MXL	AMR
NA19380	LWK	AFR
NA19653	MXL	AMR
NA19798	MXL	AMR
NA19314	LWK	AFR
NA19384	LWK	AFR
NA19385	LWK	AFR
NA19658	MXL	AMR
NA19818	ASW	AFR
NA19319	LWK	AFR
NA19391	LWK	AFR
NA19397	LWK	AFR
NA19432	LWK	AFR
NA20322	ASW	AFR
NA19321	LWK	AFR
NA19396	LWK	AFR
NA19448	LWK	AFR
NA19437	LWK	AFR
NA20334	ASW	AFR
NA19338	LWK	AFR
NA19404	LWK	AFR
NA19455	LWK	AFR
NA19444	LWK	AFR
NA19983	ASW	AFR
NA19352	LWK	AFR
NA19682	MXL	AMR
NA19462	LWK	AFR
NA19317	LWK	AFR
NA20276	ASW	AFR
NA19371	LWK	AFR
NA19702	ASW	AFR
NA19467	LWK	AFR
NA19324	LWK	AFR
NA20288	ASW	AFR
NA19376	LWK	AFR
NA19707	ASW	AFR
NA19316	LWK	AFR
NA19331	LWK	AFR
NA20290	ASW	AFR
NA19383	LWK	AFR
NA19663	MXL	AMR
NA19323	LWK	AFR
NA19728	MXL	AMR
NA20295	ASW	AFR
NA19390	LWK	AFR
NA19670	MXL	AMR
NA19328	LWK	AFR
NA19730	MXL	AMR
NA20757	TSI	EUR
NA19395	LWK	AFR
NA19675	MXL	AMR
NA20313	ASW	AFR
NA19735	MXL	AMR
NA20764	TSI	EUR
NA19403	LWK	AFR
NA19428	LWK	AFR
NA20318	ASW	AFR
NA19742	MXL	AMR
NA20769	TSI	EUR
NA19453	LWK	AFR
NA19430	LWK	AFR
NA20320	ASW	AFR
NA19747	MXL	AMR
NA20771	TSI	EUR
NA19662	MXL	AMR
NA19435	LWK	AFR
NA20332	ASW	AFR
NA19773	MXL	AMR
NA20543	TSI	EUR
NA19674	MXL	AMR
NA19733	MXL	AMR
NA20337	ASW	AFR
NA19778	MXL	AMR
NA20581	TSI	EUR
NA20284	ASW	AFR
NA19738	MXL	AMR
NA19924	ASW	AFR
NA19780	MXL	AMR
NA20586	TSI	EUR
NA20289	ASW	AFR
NA19740	MXL	AMR
NA20128	ASW	AFR
NA19785	MXL	AMR
NA20752	TSI	EUR
NA20291	ASW	AFR
NA19360	LWK	AFR
NA20274	ASW	AFR
NA19711	ASW	AFR
NA20803	TSI	EUR
NA20296	ASW	AFR
NA19372	LWK	AFR
NA20279	ASW	AFR
NA19716	MXL	AMR
NA20808	TSI	EUR
NA19749	MXL	AMR
NA19377	LWK	AFR
NA20281	ASW	AFR
NA19723	MXL	AMR
NA20810	TSI	EUR
NA19751	MXL	AMR
NA19454	LWK	AFR
NA19789	MXL	AMR
NA19901	ASW	AFR
NA20815	TSI	EUR
NA19756	MXL	AMR
NA19461	LWK	AFR
NA19796	MXL	AMR
NA19913	ASW	AFR
NA20529	TSI	EUR
NA19763	MXL	AMR
NA19466	LWK	AFR
NA19828	ASW	AFR
NA19918	ASW	AFR
NA20531	TSI	EUR
NA19922	ASW	AFR
NA20362	ASW	AFR
NA19835	ASW	AFR
NA19920	ASW	AFR
NA20536	TSI	EUR
NA19984	ASW	AFR
NA20413	ASW	AFR
NA19753	MXL	AMR
NA19754	MXL	AMR
NA20783	TSI	EUR
NA20126	ASW	AFR
NA20502	TSI	EUR
NA19758	MXL	AMR
NA19759	MXL	AMR
NA20790	TSI	EUR
NA20277	ASW	AFR
NA20507	TSI	EUR
NA19760	MXL	AMR
NA19761	MXL	AMR
NA20795	TSI	EUR
NA19787	MXL	AMR
NA19788	MXL	AMR
NA19734	MXL	AMR
NA19766	MXL	AMR
NA20889	GIH	SAS
NA19794	MXL	AMR
NA19790	MXL	AMR
NA19741	MXL	AMR
NA19982	ASW	AFR
NA20891	GIH	SAS
NA19819	ASW	AFR
NA19795	MXL	AMR
NA19746	MXL	AMR
NA20129	ASW	AFR
NA20896	GIH	SAS
NA19770	MXL	AMR
NA19834	ASW	AFR
NA19772	MXL	AMR
NA20282	ASW	AFR
NA20822	TSI	EUR
NA19775	MXL	AMR
NA19923	ASW	AFR
NA19777	MXL	AMR
NA19792	MXL	AMR
NA20827	TSI	EUR
NA19782	MXL	AMR
NA19985	ASW	AFR
NA19784	MXL	AMR
NA19797	MXL	AMR
NA20846	GIH	SAS
NA19732	MXL	AMR
NA20127	ASW	AFR
NA19900	ASW	AFR
NA19836	ASW	AFR
NA20872	GIH	SAS
NA19737	MXL	AMR
NA20278	ASW	AFR
NA19905	ASW	AFR
NA19684	MXL	AMR
NA20877	GIH	SAS
NA20342	ASW	AFR
NA20343	ASW	AFR
NA19917	ASW	AFR
NA19704	ASW	AFR
NA20884	GIH	SAS
NA20347	ASW	AFR
NA20348	ASW	AFR
NA19722	MXL	AMR
NA20287	ASW	AFR
NA20853	GIH	SAS
NA19908	ASW	AFR
NA20350	ASW	AFR
NA19727	MXL	AMR
NA20294	ASW	AFR
NA20858	GIH	SAS
NA19915	ASW	AFR
NA20355	ASW	AFR
NA20298	ASW	AFR
NA20299	ASW	AFR
NA21128	GIH	SAS
NA20316	ASW	AFR
NA19771	MXL	AMR
NA20301	ASW	AFR
NA20302	ASW	AFR
NA21130	GIH	SAS
NA20335	ASW	AFR
NA19776	MXL	AMR
NA20363	ASW	AFR
NA20314	ASW	AFR
NA21135	GIH	SAS
NA20359	ASW	AFR
NA19783	MXL	AMR
NA20414	ASW	AFR
NA20319	ASW	AFR
NA21142	GIH	SAS
NA20361	ASW	AFR
NA19752	MXL	AMR
NA20503	TSI	EUR
NA20321	ASW	AFR
SC_GMJOL5309890	GWJ	AFR
NA20412	ASW	AFR
NA19757	MXL	AMR
NA20508	TSI	EUR
NA20333	ASW	AFR
NA20904	GIH	SAS
NA20506	TSI	EUR
NA19764	MXL	AMR
NA20344	ASW	AFR
NA20364	ASW	AFR
NA20909	GIH	SAS
NA20544	TSI	EUR
NA20312	ASW	AFR
NA20349	ASW	AFR
NA20504	TSI	EUR
NA20911	GIH	SAS
NA20582	TSI	EUR
NA20317	ASW	AFR
NA20351	ASW	AFR
NA20340	ASW	AFR
NA21089	GIH	SAS
NA20587	TSI	EUR
NA20336	ASW	AFR
NA20356	ASW	AFR
NA20345	ASW	AFR
NA21091	GIH	SAS
NA20753	TSI	EUR
NA19904	ASW	AFR
NA20527	TSI	EUR
NA20357	ASW	AFR
SC_GMFUL5306413	GWF	AFR
NA20816	TSI	EUR
NA19909	ASW	AFR
NA20534	TSI	EUR
NA20542	TSI	EUR
SC_GMFUL5309722	GWF	AFR
NA20828	TSI	EUR
NA19916	ASW	AFR
NA20539	TSI	EUR
NA20585	TSI	EUR
SC_GMFUL5306374	GWF	AFR
NA20847	GIH	SAS
NA20285	ASW	AFR
NA20541	TSI	EUR
NA20756	TSI	EUR
SC_GMFUL5306398	GWF	AFR
NA20525	TSI	EUR
NA20292	ASW	AFR
NA20801	TSI	EUR
NA20802	TSI	EUR
SC_GMFUL5306406	GWF	AFR
NA20532	TSI	EUR
NA20297	ASW	AFR
NA20806	TSI	EUR
NA20807	TSI	EUR
SC_GMFUL5306343	GWF	AFR
NA20537	TSI	EUR
NA20300	ASW	AFR
NA20813	TSI	EUR
NA20814	TSI	EUR
SC_GMJOL5309922	GWJ	AFR
NA20513	TSI	EUR
NA20773	TSI	EUR
NA20774	TSI	EUR
NA20509	TSI	EUR
SC_GMFUL5306362	GWF	AFR
NA20518	TSI	EUR
NA20778	TSI	EUR
NA20786	TSI	EUR
NA20511	TSI	EUR
SC_GMJOL5309939	GWJ	AFR
NA20520	TSI	EUR
NA20785	TSI	EUR
NA20798	TSI	EUR
NA20516	TSI	EUR
SC_GMFUL5306418	GWF	AFR
NA20804	TSI	EUR
NA20792	TSI	EUR
NA20510	TSI	EUR
NA20775	TSI	EUR
SC_GMFUL5306355	GWF	AFR
NA20809	TSI	EUR
NA20797	TSI	EUR
NA20515	TSI	EUR
NA20787	TSI	EUR
SC_GMFUL5309708	GWF	AFR
NA20811	TSI	EUR
NA20800	TSI	EUR
NA20522	TSI	EUR
NA20799	TSI	EUR
SC_GMFUL5306379	GWF	AFR
NA20758	TSI	EUR
NA20526	TSI	EUR
NA20818	TSI	EUR
NA20528	TSI	EUR
NA21111	GIH	SAS
NA20760	TSI	EUR
NA20533	TSI	EUR
NA20832	TSI	EUR
NA20530	TSI	EUR
NA21116	GIH	SAS
NA20765	TSI	EUR
NA20538	TSI	EUR
NA20849	GIH	SAS
NA20535	TSI	EUR
NA21123	GIH	SAS
NA20854	GIH	SAS
NA20540	TSI	EUR
NA20589	TSI	EUR
NA20763	TSI	EUR
SC_GMFUL5309741	GWF	AFR
NA20859	GIH	SAS
NA20874	GIH	SAS
NA20755	TSI	EUR
NA20768	TSI	EUR
SC_GMFUL5306432	GWF	AFR
NA20861	GIH	SAS
NA20879	GIH	SAS
NA20762	TSI	EUR
NA20770	TSI	EUR
NA21104	GIH	SAS
NA20866	GIH	SAS
NA20881	GIH	SAS
NA20767	TSI	EUR
NA20819	TSI	EUR
NA21109	GIH	SAS
NA20772	TSI	EUR
NA20886	GIH	SAS
NA21133	GIH	SAS
NA20821	TSI	EUR
SC_GMFUL5306367	GWF	AFR
NA20796	TSI	EUR
NA20514	TSI	EUR
SC_GMFUL5306338	GWF	AFR
NA20826	TSI	EUR
SC_GMWOF5428748	GWW	AFR
SC_GMFUL5306397	GWF	AFR
NA20519	TSI	EUR
NA20851	GIH	SAS
NA20845	GIH	SAS
SC_GMWOF5428736	GWW	AFR
SC_GMFUL5306405	GWF	AFR
NA20521	TSI	EUR
NA20856	GIH	SAS
NA20903	GIH	SAS
SC_GMWOF5428705	GWW	AFR
SC_GMFUL5306429	GWF	AFR
NA20759	TSI	EUR
NA20863	GIH	SAS
NA20908	GIH	SAS
SC_GMWOF5428729	GWW	AFR
SC_GMFUL5309738	GWF	AFR
NA20761	TSI	EUR
NA20868	GIH	SAS
NA20910	GIH	SAS
SC_GMWOF5428786	GWW	AFR
SC_GMFUL5306366	GWF	AFR
NA20766	TSI	EUR
NA20870	GIH	SAS
NA21088	GIH	SAS
SC_GMWOF5428818	GWW	AFR
SC_GMFUL5306359	GWF	AFR
NA20829	TSI	EUR
NA21114	GIH	SAS
NA21090	GIH	SAS
SC_GMJOL5309852	GWJ	AFR
SC_GMFUL5306354	GWF	AFR
NA20831	TSI	EUR
NA21119	GIH	SAS
NA20871	GIH	SAS
SC_GMJOL5309876	GWJ	AFR
SC_GMJOL5309914	GWJ	AFR
NA20850	GIH	SAS
NA21121	GIH	SAS
NA20876	GIH	SAS
SC_GMJOL5309821	GWJ	AFR
SC_GMJOL5309899	GWJ	AFR
NA20805	TSI	EUR
NA21126	GIH	SAS
NA20883	GIH	SAS
SC_GMWOF5428762	GWW	AFR
SC_GMJOL5309907	GWJ	AFR
NA20812	TSI	EUR
NA21094	GIH	SAS
NA20888	GIH	SAS
SC_GMJOL5309972	GWJ	AFR
SC_GMFUL5306378	GWF	AFR
NA20588	TSI	EUR
NA21099	GIH	SAS
SC_GMJOL5309930	GWJ	AFR
SC_GMJOL5309941	GWJ	AFR
NA20873	GIH	SAS
NA20754	TSI	EUR
NA21102	GIH	SAS
SC_GMJOL5309891	GWJ	AFR
SC_GMJOL5309965	GWJ	AFR
NA20878	GIH	SAS
NA20862	GIH	SAS
NA21107	GIH	SAS
SC_GMFUL5306370	GWF	AFR
SC_GMJOL5309934	GWJ	AFR
NA20885	GIH	SAS
NA20867	GIH	SAS
NA20907	GIH	SAS
SC_GMFUL5306426	GWF	AFR
SC_GMJOL5309953	GWJ	AFR
NA20892	GIH	SAS
NA21137	GIH	SAS
NA21087	GIH	SAS
NA21127	GIH	SAS
SC_GMJOL5309977	GWJ	AFR
NA20897	GIH	SAS
NA21144	GIH	SAS
NA20894	GIH	SAS
NA21134	GIH	SAS
SC_GMJOL5309819	GWJ	AFR
NA20900	GIH	SAS
SC_GMJOL5309898	GWJ	AFR
NA20899	GIH	SAS
NA21141	GIH	SAS
SC_GMJOL5309883	GWJ	AFR
NA21112	GIH	SAS
SC_GMJOL5309906	GWJ	AFR
NA20902	GIH	SAS
NA21095	GIH	SAS
SC_GMJOL5309958	GWJ	AFR
NA21117	GIH	SAS
SC_GMFUL5306346	GWF	AFR
NA20875	GIH	SAS
NA21103	GIH	SAS
SC_GMJOL5309895	GWJ	AFR
NA21124	GIH	SAS
SC_GMFUL5306391	GWF	AFR
NA20882	GIH	SAS
NA21108	GIH	SAS
SC_GMJOL5309903	GWJ	AFR
NA21097	GIH	SAS
SC_GMFUL5306423	GWF	AFR
NA20887	GIH	SAS
NA21110	GIH	SAS
SC_GMJOL5309927	GWJ	AFR
NA21100	GIH	SAS
SC_GMFUL5306360	GWF	AFR
SC_GMFUL5306390	GWF	AFR
NA20890	GIH	SAS
SC_GMWOF5428731	GWW	AFR
NA21105	GIH	SAS
SC_GMFUL5309763	GWF	AFR
SC_GMFUL5306410	GWF	AFR
NA20895	GIH	SAS
SC_GMWOF5428755	GWW	AFR
NA21129	GIH	SAS
SC_GMFUL5306339	GWF	AFR
SC_GMJOL5309912	GWJ	AFR
NA20852	GIH	SAS
SC_GMWOF5428724	GWW	AFR
NA21143	GIH	SAS
NA20893	GIH	SAS
SC_GMJOL5309936	GWJ	AFR
NA20864	GIH	SAS
SC_GMFUL5306348	GWF	AFR
NA20905	GIH	SAS
NA20898	GIH	SAS
SC_GMJOL5309897	GWJ	AFR
NA20869	GIH	SAS
SC_GMFUL5309789	GWF	AFR
NA21092	GIH	SAS
NA20901	GIH	SAS
SC_GMJOL5309905	GWJ	AFR
NA21115	GIH	SAS
SC_GMFUL5309710	GWF	AFR
SC_GMFUL5306431	GWF	AFR
NA21113	GIH	SAS
SC_GMJOL5309929	GWJ	AFR
NA21122	GIH	SAS
SC_GMFUL5309703	GWF	AFR
SC_GMJOL5309820	GWJ	AFR
NA21118	GIH	SAS
SC_GMFUL5306408	GWF	AFR
SC_GMFUL5306375	GWF	AFR
SC_GMFUL5306420	GWF	AFR
SC_GMJOL5309844	GWJ	AFR
NA21120	GIH	SAS
SC_GMFUL5306395	GWF	AFR
SC_GMFUL5306399	GWF	AFR
SC_GMJOL5309960	GWJ	AFR
SC_GMJOL5309868	GWJ	AFR
NA21125	GIH	SAS
SC_GMFUL5306403	GWF	AFR
SC_GMFUL5306407	GWF	AFR
SC_GMJOL5309984	GWJ	AFR
SC_GMJOL5309813	GWJ	AFR
SC_GMFUL5309725	GWF	AFR
SC_GMFUL5306427	GWF	AFR
SC_GMFUL5306344	GWF	AFR
SC_GMMAN5482234	GWD	AFR
SC_GMJOL5309837	GWJ	AFR
SC_GMFUL5306416	GWF	AFR
SC_GMFUL5306345	GWF	AFR
SC_GMFUL5309747	GWF	AFR
SC_GMMAN5482171	GWD	AFR
SC_GMFUL5309719	GWF	AFR
SC_GMFUL5306411	GWF	AFR
SC_GMFUL5309700	GWF	AFR
SC_GMJOL5309966	GWJ	AFR
SC_GMMAN5482241	GWD	AFR
SC_GMFUL5306412	GWF	AFR
NA21098	GIH	SAS
SC_GMFUL5306371	GWF	AFR
SC_GMJOL5309911	GWJ	AFR
SC_GMMAN5482195	GWD	AFR
SC_GMJOL5309971	GWJ	AFR
NA21101	GIH	SAS
SC_GMFUL5309748	GWF	AFR
SC_GMJOL5309935	GWJ	AFR
SC_GMMAN5482203	GWD	AFR
SC_GMJOL5309940	GWJ	AFR
NA21106	GIH	SAS
SC_GMFUL5309717	GWF	AFR
SC_GMJOL5309959	GWJ	AFR
SC_GMWOF5428832	GWW	AFR
SC_GMJOL5309945	GWJ	AFR
NA20906	GIH	SAS
SC_GMFUL5306340	GWF	AFR
SC_GMJOL5309896	GWJ	AFR
SC_GMWOF5428825	GWW	AFR
SC_GMJOL5309969	GWJ	AFR
NA21086	GIH	SAS
SC_GMFUL5309781	GWF	AFR
SC_GMFUL5306421	GWF	AFR
SC_GMWOF5428849	GWW	AFR
SC_GMJOL5309851	GWJ	AFR
NA21093	GIH	SAS
SC_GMFUL5306369	GWF	AFR
SC_GMFUL5309730	GWF	AFR
SC_GMWOF5428882	GWW	AFR
SC_GMJOL5309875	GWJ	AFR
SC_GMFUL5309756	GWF	AFR
SC_GMFUL5306388	GWF	AFR
SC_GMFUL5306382	GWF	AFR
SC_GMMAN5482215	GWD	AFR
SC_GMJOL5309964	GWJ	AFR
SC_GMFUL5309701	GWF	AFR
SC_GMFUL5306383	GWF	AFR
SC_GMFUL5306351	GWF	AFR
SC_GMMAN5482239	GWD	AFR
SC_GMJOL5309933	GWJ	AFR
SC_GMFUL5306389	GWF	AFR
SC_GMFUL5306415	GWF	AFR
SC_GMFUL5309716	GWF	AFR
SC_GMMAN5482176	GWD	AFR
SC_GMJOL5309957	GWJ	AFR
SC_GMWOF5428842	GWW	AFR
SC_GMFUL5306352	GWF	AFR
SC_GMFUL5306363	GWF	AFR
SC_GMMAN5482258	GWD	AFR
SC_GMJOL5309926	GWJ	AFR
SC_GMWOF5428866	GWW	AFR
SC_GMFUL5309755	GWF	AFR
SC_GMFUL5309709	GWF	AFR
SC_GMMAN5482291	GWD	AFR
SC_GMFUL5306361	GWF	AFR
SC_GMWOF5428811	GWW	AFR
SC_GMJOL5309835	GWJ	AFR
SC_GMJOL5309980	GWJ	AFR
SC_GMMAN5482323	GWD	AFR
SC_GMFUL5309702	GWF	AFR
SC_GMWOF5428835	GWW	AFR
SC_GMJOL5309859	GWJ	AFR
SC_GMJOL5309973	GWJ	AFR
SC_GMWOF5428875	GWW	AFR
SC_GMFUL5306385	GWF	AFR
SC_GMWOF5428859	GWW	AFR
SC_GMJOL5309796	GWJ	AFR
SC_GMJOL5309942	GWJ	AFR
SC_GMWOF5428820	GWW	AFR
SC_GMFUL5306347	GWF	AFR
SC_GMJOL5309920	GWJ	AFR
SC_GMJOL5309804	GWJ	AFR
SC_GMFUL5309711	GWF	AFR
SC_GMWOF5428813	GWW	AFR
SC_GMFUL5309764	GWF	AFR
SC_GMJOL5309944	GWJ	AFR
SC_GMJOL5309974	GWJ	AFR
SC_GMFUL5306349	GWF	AFR
SC_GMWOF5428798	GWW	AFR
SC_GMFUL5306392	GWF	AFR
SC_GMJOL5309968	GWJ	AFR
SC_GMJOL5309943	GWJ	AFR
SC_GMFUL5309735	GWF	AFR
SC_GMWOF5428806	GWW	AFR
SC_GMJOL5309952	GWJ	AFR
SC_GMJOL5309913	GWJ	AFR
SC_GMJOL5309967	GWJ	AFR
SC_GMFUL5306387	GWF	AFR
SC_GMWOF5428863	GWW	AFR
SC_GMJOL5309976	GWJ	AFR
SC_GMJOL5309937	GWJ	AFR
SC_GMFUL5306357	GWF	AFR
SC_GMFUL5306419	GWF	AFR
SC_GMMAN5482227	GWD	AFR
SC_GMJOL5309921	GWJ	AFR
SC_GMJOL5309812	GWJ	AFR
SC_GMJOL5309979	GWJ	AFR
SC_GMFUL5306356	GWF	AFR
SC_GMMAN5482164	GWD	AFR
SC_GMFUL5306400	GWF	AFR
SC_GMJOL5309836	GWJ	AFR
SC_GMJOL5309948	GWJ	AFR
SC_GMFUL5309773	GWF	AFR
SC_GMMAN5482208	GWD	AFR
SC_GMFUL5309733	GWF	AFR
SC_GMJOL5309797	GWJ	AFR
SC_GMJOL5309917	GWJ	AFR
SC_GMJOL5309904	GWJ	AFR
SC_GMMAN5482169	GWD	AFR
SC_GMFUL5306424	GWF	AFR
SC_GMJOL5309805	GWJ	AFR
SC_GMJOL5309981	GWJ	AFR
SC_GMJOL5309928	GWJ	AFR
SC_GMWOF5428851	GWW	AFR
SC_GMJOL5309919	GWJ	AFR
SC_GMJOL5309829	GWJ	AFR
SC_GMJOL5309950	GWJ	AFR
SC_GMMAN5482170	GWD	AFR
SC_GMMAN5482260	GWD	AFR
SC_GMJOL5309983	GWJ	AFR
SC_GMFUL5306353	GWF	AFR
SC_GMWOF5428808	GWW	AFR
SC_GMMAN5482194	GWD	AFR
SC_GMMAN5482284	GWD	AFR
SC_GMMAN5482235	GWD	AFR
SC_GMFUL5309718	GWF	AFR
SC_GMWOF5428841	GWW	AFR
SC_GMMAN5482202	GWD	AFR
SC_GMMAN5482316	GWD	AFR
SC_GMMAN5482172	GWD	AFR
SC_GMFUL5306377	GWF	AFR
SC_GMWOF5428865	GWW	AFR
SC_GMMAN5482163	GWD	AFR
SC_GMMAN5482309	GWD	AFR
SC_GMMAN5482228	GWD	AFR
SC_GMFUL5306396	GWF	AFR
SC_GMMAN5482162	GWD	AFR
SC_GMMAN5482187	GWD	AFR
NA18524	CHB	EAS
SC_GMMAN5482165	GWD	AFR
SC_GMFUL5306404	GWF	AFR
SC_GMWOF5428858	GWW	AFR
SC_GMMAN5482219	GWD	AFR
NA18529	CHB	EAS
SC_GMMAN5482189	GWD	AFR
SC_GMFUL5306428	GWF	AFR
SC_GMWOF5428795	GWW	AFR
SC_GMWOF5428744	GWW	AFR
SC_GMWOF5428792	GWW	AFR
SC_GMFUL5306341	GWF	AFR
SC_GMWOF5428803	GWW	AFR
SC_GMWOF5428713	GWW	AFR
SC_GMWOF5428800	GWW	AFR
SC_GMJOL5309963	GWJ	AFR
SC_GMWOF5428827	GWW	AFR
SC_GMWOF5428737	GWW	AFR
SC_GMWOF5428824	GWW	AFR
SC_GMJOL5309956	GWJ	AFR
SC_GMWOF5428721	GWW	AFR
SC_GMWOF5428794	GWW	AFR
SC_GMWOF5428817	GWW	AFR
SC_GMWOF5428715	GWW	AFR
SC_GMWOF5428745	GWW	AFR
SC_GMWOF5428802	GWW	AFR
SC_GMWOF5428906	GWW	AFR
SC_GMWOF5428739	GWW	AFR
SC_GMWOF5428810	GWW	AFR
SC_GMWOF5428826	GWW	AFR
SC_GMMAN5482191	GWD	AFR
SC_GMWOF5428708	GWW	AFR
SC_GMWOF5428834	GWW	AFR
SC_GMWOF5428814	GWW	AFR
SC_GMMAN5482223	GWD	AFR
SC_GMJOL5309925	GWJ	AFR
SC_GMWOF5428822	GWW	AFR
SC_GMWOF5428838	GWW	AFR
SC_GMMAN5482247	GWD	AFR
SC_GMJOL5309949	GWJ	AFR
SC_GMWOF5428846	GWW	AFR
SC_GMWOF5428871	GWW	AFR
SC_GMMAN5482184	GWD	AFR
SC_GMJOL5309918	GWJ	AFR
SC_GMWOF5428815	GWW	AFR
SC_GMWOF5428770	GWW	AFR
SC_GMWOF5428812	GWW	AFR
SC_GMJOL5309982	GWJ	AFR
SC_GMWOF5428839	GWW	AFR
SC_GMWOF5428763	GWW	AFR
SC_GMWOF5428797	GWW	AFR
SC_GMJOL5309951	GWJ	AFR
SC_GMMAN5482251	GWD	AFR
SC_GMWOF5428732	GWW	AFR
SC_GMWOF5428805	GWW	AFR
SC_GMJOL5309975	GWJ	AFR
SC_GMMAN5482220	GWD	AFR
SC_GMJOL5309961	GWJ	AFR
SC_GMWOF5428829	GWW	AFR
SC_GMJOL5309843	GWJ	AFR
SC_GMMAN5482244	GWD	AFR
SC_GMJOL5309985	GWJ	AFR
SC_GMWOF5428850	GWW	AFR
SC_GMJOL5309867	GWJ	AFR
SC_GMMAN5482181	GWD	AFR
SC_GMJOL5309827	GWJ	AFR
SC_GMWOF5428874	GWW	AFR
SC_GMMAN5482243	GWD	AFR
SC_GMWOF5428788	GWW	AFR
SC_GMWOF5428787	GWW	AFR
SC_GMWOF5428843	GWW	AFR
SC_GMMAN5482180	GWD	AFR
SC_GMWOF5428877	GWW	AFR
SC_GMWOF5428819	GWW	AFR
SC_GMWOF5428867	GWW	AFR
SC_GMMAN5482212	GWD	AFR
SC_GMWOF5428790	GWW	AFR
SC_GMJOL5309860	GWJ	AFR
SC_GMWOF5428778	GWW	AFR
SC_GMMAN5482236	GWD	AFR
SC_GMWOF5428707	GWW	AFR
SC_GMJOL5309884	GWJ	AFR
SC_GMWOF5428723	GWW	AFR
SC_GMMAN5482173	GWD	AFR
SC_GMWOF5428771	GWW	AFR
SC_GMWOF5428821	GWW	AFR
SC_GMWOF5428747	GWW	AFR
SC_GMMAN5482197	GWD	AFR
SC_GMWOF5428740	GWW	AFR
SC_GMWOF5428869	GWW	AFR
SC_GMWOF5428716	GWW	AFR
SC_GMMAN5482192	GWD	AFR
SC_GMMAN5482186	GWD	AFR
SC_GMWOF5428833	GWW	AFR
SC_GMWOF5428831	GWW	AFR
SC_GMMAN5482200	GWD	AFR
SC_GMJOL5309828	GWJ	AFR
SC_GMWOF5428857	GWW	AFR
SC_GMWOF5428855	GWW	AFR
SC_GMMAN5482224	GWD	AFR
SC_GMMAN5482232	GWD	AFR
SC_GMMAN5482233	GWD	AFR
SC_GMWOF5428879	GWW	AFR
SC_GMMAN5482248	GWD	AFR
SC_GMMAN5482256	GWD	AFR
SC_GMMAN5482290	GWD	AFR
SC_GMMAN5482242	GWD	AFR
SC_GMMAN5482185	GWD	AFR
SC_GMMAN5482193	GWD	AFR
SC_GMMAN5482322	GWD	AFR
SC_GMMAN5482211	GWD	AFR
SC_GMMAN5482217	GWD	AFR
SC_GMMAN5482201	GWD	AFR
SC_GMMAN5482283	GWD	AFR
SC_GMWOF5428728	GWW	AFR
SC_GMWOF5428796	GWW	AFR
SC_GMMAN5482225	GWD	AFR
SC_GMMAN5482315	GWD	AFR
SC_GMMAN5482292	GWD	AFR
SC_GMWOF5428804	GWW	AFR
SC_GMMAN5482282	GWD	AFR
SC_GMMAN5482221	GWD	AFR
SC_GMMAN5482300	GWD	AFR
SC_GMWOF5428828	GWW	AFR
SC_GMMAN5482314	GWD	AFR
SC_GMMAN5482199	GWD	AFR
SC_GMMAN5482324	GWD	AFR
SC_GMWOF5428789	GWW	AFR
SC_GMMAN5482299	GWD	AFR
SC_GMMAN5482207	GWD	AFR
SC_GMMAN5482348	GWD	AFR
SC_GMWOF5428861	GWW	AFR
SC_GMMAN5482307	GWD	AFR
SC_GMMAN5482168	GWD	AFR
SC_GMMAN5482285	GWD	AFR
SC_GMMAN5482205	GWD	AFR
SC_GMMAN5482268	GWD	AFR
SC_GMMAN5482276	GWD	AFR
SC_GMMAN5482216	GWD	AFR
SC_GMMAN5482229	GWD	AFR
SC_GMMAN5482340	GWD	AFR
SC_GMMAN5482308	GWD	AFR
SC_GMMAN5482177	GWD	AFR
SC_GMMAN5482231	GWD	AFR
SC_GMMAN5482213	GWD	AFR
SC_GMMAN5482240	GWD	AFR
SC_GMMAN5482209	GWD	AFR
SC_GMMAN5482255	GWD	AFR
SC_GMMAN5482252	GWD	AFR
SC_GMMAN5482266	GWD	AFR
SC_GMWOF5428830	GWW	AFR
NA18594	CHB	EAS
SC_GMWOF5428854	GWW	AFR
SC_GMWOF5428823	GWW	AFR
SC_GMWOF5428847	GWW	AFR
SC_GMMAN5482274	GWD	AFR
SC_GMMAN5482298	GWD	AFR
SC_GMMAN5482306	GWD	AFR
SC_GMMAN5482332	GWD	AFR
SC_GMMAN5482293	GWD	AFR
SC_GMMAN5482301	GWD	AFR
SC_GMWOF5428816	GWW	AFR
SC_GMWOF5428873	GWW	AFR
SC_GMMAN5482178	GWD	AFR
SC_GMMAN5482250	GWD	AFR
NA18540	CHB	EAS
